# Procedural urn/vase OBJ - ASG4 teapot replacement
v 0.00000 0.00000 0.00000
v 0.00000 0.00000 0.00000
v 0.00000 0.00000 0.00000
v 0.00000 0.00000 0.00000
v 0.00000 0.00000 0.00000
v 0.00000 0.00000 0.00000
v 0.00000 0.00000 0.00000
v 0.00000 0.00000 0.00000
v 0.00000 0.00000 0.00000
v -0.00000 0.00000 0.00000
v -0.00000 0.00000 0.00000
v -0.00000 0.00000 0.00000
v -0.00000 0.00000 0.00000
v -0.00000 0.00000 0.00000
v -0.00000 0.00000 0.00000
v -0.00000 0.00000 0.00000
v -0.00000 0.00000 0.00000
v -0.00000 0.00000 -0.00000
v -0.00000 0.00000 -0.00000
v -0.00000 0.00000 -0.00000
v -0.00000 0.00000 -0.00000
v -0.00000 0.00000 -0.00000
v -0.00000 0.00000 -0.00000
v -0.00000 0.00000 -0.00000
v -0.00000 0.00000 -0.00000
v 0.00000 0.00000 -0.00000
v 0.00000 0.00000 -0.00000
v 0.00000 0.00000 -0.00000
v 0.00000 0.00000 -0.00000
v 0.00000 0.00000 -0.00000
v 0.00000 0.00000 -0.00000
v 0.00000 0.00000 -0.00000
v 0.30000 0.00000 0.00000
v 0.29424 0.00000 0.05853
v 0.27716 0.00000 0.11481
v 0.24944 0.00000 0.16667
v 0.21213 0.00000 0.21213
v 0.16667 0.00000 0.24944
v 0.11481 0.00000 0.27716
v 0.05853 0.00000 0.29424
v 0.00000 0.00000 0.30000
v -0.05853 0.00000 0.29424
v -0.11481 0.00000 0.27716
v -0.16667 0.00000 0.24944
v -0.21213 0.00000 0.21213
v -0.24944 0.00000 0.16667
v -0.27716 0.00000 0.11481
v -0.29424 0.00000 0.05853
v -0.30000 0.00000 0.00000
v -0.29424 0.00000 -0.05853
v -0.27716 0.00000 -0.11481
v -0.24944 0.00000 -0.16667
v -0.21213 0.00000 -0.21213
v -0.16667 0.00000 -0.24944
v -0.11481 0.00000 -0.27716
v -0.05853 0.00000 -0.29424
v -0.00000 0.00000 -0.30000
v 0.05853 0.00000 -0.29424
v 0.11481 0.00000 -0.27716
v 0.16667 0.00000 -0.24944
v 0.21213 0.00000 -0.21213
v 0.24944 0.00000 -0.16667
v 0.27716 0.00000 -0.11481
v 0.29424 0.00000 -0.05853
v 0.50000 0.08000 0.00000
v 0.49039 0.08000 0.09755
v 0.46194 0.08000 0.19134
v 0.41573 0.08000 0.27779
v 0.35355 0.08000 0.35355
v 0.27779 0.08000 0.41573
v 0.19134 0.08000 0.46194
v 0.09755 0.08000 0.49039
v 0.00000 0.08000 0.50000
v -0.09755 0.08000 0.49039
v -0.19134 0.08000 0.46194
v -0.27779 0.08000 0.41573
v -0.35355 0.08000 0.35355
v -0.41573 0.08000 0.27779
v -0.46194 0.08000 0.19134
v -0.49039 0.08000 0.09755
v -0.50000 0.08000 0.00000
v -0.49039 0.08000 -0.09755
v -0.46194 0.08000 -0.19134
v -0.41573 0.08000 -0.27779
v -0.35355 0.08000 -0.35355
v -0.27779 0.08000 -0.41573
v -0.19134 0.08000 -0.46194
v -0.09755 0.08000 -0.49039
v -0.00000 0.08000 -0.50000
v 0.09755 0.08000 -0.49039
v 0.19134 0.08000 -0.46194
v 0.27779 0.08000 -0.41573
v 0.35355 0.08000 -0.35355
v 0.41573 0.08000 -0.27779
v 0.46194 0.08000 -0.19134
v 0.49039 0.08000 -0.09755
v 0.60000 0.20000 0.00000
v 0.58847 0.20000 0.11705
v 0.55433 0.20000 0.22961
v 0.49888 0.20000 0.33334
v 0.42426 0.20000 0.42426
v 0.33334 0.20000 0.49888
v 0.22961 0.20000 0.55433
v 0.11705 0.20000 0.58847
v 0.00000 0.20000 0.60000
v -0.11705 0.20000 0.58847
v -0.22961 0.20000 0.55433
v -0.33334 0.20000 0.49888
v -0.42426 0.20000 0.42426
v -0.49888 0.20000 0.33334
v -0.55433 0.20000 0.22961
v -0.58847 0.20000 0.11705
v -0.60000 0.20000 0.00000
v -0.58847 0.20000 -0.11705
v -0.55433 0.20000 -0.22961
v -0.49888 0.20000 -0.33334
v -0.42426 0.20000 -0.42426
v -0.33334 0.20000 -0.49888
v -0.22961 0.20000 -0.55433
v -0.11705 0.20000 -0.58847
v -0.00000 0.20000 -0.60000
v 0.11705 0.20000 -0.58847
v 0.22961 0.20000 -0.55433
v 0.33334 0.20000 -0.49888
v 0.42426 0.20000 -0.42426
v 0.49888 0.20000 -0.33334
v 0.55433 0.20000 -0.22961
v 0.58847 0.20000 -0.11705
v 0.65000 0.40000 0.00000
v 0.63751 0.40000 0.12681
v 0.60052 0.40000 0.24874
v 0.54046 0.40000 0.36112
v 0.45962 0.40000 0.45962
v 0.36112 0.40000 0.54046
v 0.24874 0.40000 0.60052
v 0.12681 0.40000 0.63751
v 0.00000 0.40000 0.65000
v -0.12681 0.40000 0.63751
v -0.24874 0.40000 0.60052
v -0.36112 0.40000 0.54046
v -0.45962 0.40000 0.45962
v -0.54046 0.40000 0.36112
v -0.60052 0.40000 0.24874
v -0.63751 0.40000 0.12681
v -0.65000 0.40000 0.00000
v -0.63751 0.40000 -0.12681
v -0.60052 0.40000 -0.24874
v -0.54046 0.40000 -0.36112
v -0.45962 0.40000 -0.45962
v -0.36112 0.40000 -0.54046
v -0.24874 0.40000 -0.60052
v -0.12681 0.40000 -0.63751
v -0.00000 0.40000 -0.65000
v 0.12681 0.40000 -0.63751
v 0.24874 0.40000 -0.60052
v 0.36112 0.40000 -0.54046
v 0.45962 0.40000 -0.45962
v 0.54046 0.40000 -0.36112
v 0.60052 0.40000 -0.24874
v 0.63751 0.40000 -0.12681
v 0.68000 0.60000 0.00000
v 0.66693 0.60000 0.13266
v 0.62824 0.60000 0.26022
v 0.56540 0.60000 0.37779
v 0.48083 0.60000 0.48083
v 0.37779 0.60000 0.56540
v 0.26022 0.60000 0.62824
v 0.13266 0.60000 0.66693
v 0.00000 0.60000 0.68000
v -0.13266 0.60000 0.66693
v -0.26022 0.60000 0.62824
v -0.37779 0.60000 0.56540
v -0.48083 0.60000 0.48083
v -0.56540 0.60000 0.37779
v -0.62824 0.60000 0.26022
v -0.66693 0.60000 0.13266
v -0.68000 0.60000 0.00000
v -0.66693 0.60000 -0.13266
v -0.62824 0.60000 -0.26022
v -0.56540 0.60000 -0.37779
v -0.48083 0.60000 -0.48083
v -0.37779 0.60000 -0.56540
v -0.26022 0.60000 -0.62824
v -0.13266 0.60000 -0.66693
v -0.00000 0.60000 -0.68000
v 0.13266 0.60000 -0.66693
v 0.26022 0.60000 -0.62824
v 0.37779 0.60000 -0.56540
v 0.48083 0.60000 -0.48083
v 0.56540 0.60000 -0.37779
v 0.62824 0.60000 -0.26022
v 0.66693 0.60000 -0.13266
v 0.65000 0.78000 0.00000
v 0.63751 0.78000 0.12681
v 0.60052 0.78000 0.24874
v 0.54046 0.78000 0.36112
v 0.45962 0.78000 0.45962
v 0.36112 0.78000 0.54046
v 0.24874 0.78000 0.60052
v 0.12681 0.78000 0.63751
v 0.00000 0.78000 0.65000
v -0.12681 0.78000 0.63751
v -0.24874 0.78000 0.60052
v -0.36112 0.78000 0.54046
v -0.45962 0.78000 0.45962
v -0.54046 0.78000 0.36112
v -0.60052 0.78000 0.24874
v -0.63751 0.78000 0.12681
v -0.65000 0.78000 0.00000
v -0.63751 0.78000 -0.12681
v -0.60052 0.78000 -0.24874
v -0.54046 0.78000 -0.36112
v -0.45962 0.78000 -0.45962
v -0.36112 0.78000 -0.54046
v -0.24874 0.78000 -0.60052
v -0.12681 0.78000 -0.63751
v -0.00000 0.78000 -0.65000
v 0.12681 0.78000 -0.63751
v 0.24874 0.78000 -0.60052
v 0.36112 0.78000 -0.54046
v 0.45962 0.78000 -0.45962
v 0.54046 0.78000 -0.36112
v 0.60052 0.78000 -0.24874
v 0.63751 0.78000 -0.12681
v 0.52000 0.90000 0.00000
v 0.51001 0.90000 0.10145
v 0.48042 0.90000 0.19900
v 0.43236 0.90000 0.28890
v 0.36770 0.90000 0.36770
v 0.28890 0.90000 0.43236
v 0.19900 0.90000 0.48042
v 0.10145 0.90000 0.51001
v 0.00000 0.90000 0.52000
v -0.10145 0.90000 0.51001
v -0.19900 0.90000 0.48042
v -0.28890 0.90000 0.43236
v -0.36770 0.90000 0.36770
v -0.43236 0.90000 0.28890
v -0.48042 0.90000 0.19900
v -0.51001 0.90000 0.10145
v -0.52000 0.90000 0.00000
v -0.51001 0.90000 -0.10145
v -0.48042 0.90000 -0.19900
v -0.43236 0.90000 -0.28890
v -0.36770 0.90000 -0.36770
v -0.28890 0.90000 -0.43236
v -0.19900 0.90000 -0.48042
v -0.10145 0.90000 -0.51001
v -0.00000 0.90000 -0.52000
v 0.10145 0.90000 -0.51001
v 0.19900 0.90000 -0.48042
v 0.28890 0.90000 -0.43236
v 0.36770 0.90000 -0.36770
v 0.43236 0.90000 -0.28890
v 0.48042 0.90000 -0.19900
v 0.51001 0.90000 -0.10145
v 0.38000 0.98000 0.00000
v 0.37270 0.98000 0.07413
v 0.35107 0.98000 0.14542
v 0.31596 0.98000 0.21112
v 0.26870 0.98000 0.26870
v 0.21112 0.98000 0.31596
v 0.14542 0.98000 0.35107
v 0.07413 0.98000 0.37270
v 0.00000 0.98000 0.38000
v -0.07413 0.98000 0.37270
v -0.14542 0.98000 0.35107
v -0.21112 0.98000 0.31596
v -0.26870 0.98000 0.26870
v -0.31596 0.98000 0.21112
v -0.35107 0.98000 0.14542
v -0.37270 0.98000 0.07413
v -0.38000 0.98000 0.00000
v -0.37270 0.98000 -0.07413
v -0.35107 0.98000 -0.14542
v -0.31596 0.98000 -0.21112
v -0.26870 0.98000 -0.26870
v -0.21112 0.98000 -0.31596
v -0.14542 0.98000 -0.35107
v -0.07413 0.98000 -0.37270
v -0.00000 0.98000 -0.38000
v 0.07413 0.98000 -0.37270
v 0.14542 0.98000 -0.35107
v 0.21112 0.98000 -0.31596
v 0.26870 0.98000 -0.26870
v 0.31596 0.98000 -0.21112
v 0.35107 0.98000 -0.14542
v 0.37270 0.98000 -0.07413
v 0.42000 1.04000 0.00000
v 0.41193 1.04000 0.08194
v 0.38803 1.04000 0.16073
v 0.34922 1.04000 0.23334
v 0.29698 1.04000 0.29698
v 0.23334 1.04000 0.34922
v 0.16073 1.04000 0.38803
v 0.08194 1.04000 0.41193
v 0.00000 1.04000 0.42000
v -0.08194 1.04000 0.41193
v -0.16073 1.04000 0.38803
v -0.23334 1.04000 0.34922
v -0.29698 1.04000 0.29698
v -0.34922 1.04000 0.23334
v -0.38803 1.04000 0.16073
v -0.41193 1.04000 0.08194
v -0.42000 1.04000 0.00000
v -0.41193 1.04000 -0.08194
v -0.38803 1.04000 -0.16073
v -0.34922 1.04000 -0.23334
v -0.29698 1.04000 -0.29698
v -0.23334 1.04000 -0.34922
v -0.16073 1.04000 -0.38803
v -0.08194 1.04000 -0.41193
v -0.00000 1.04000 -0.42000
v 0.08194 1.04000 -0.41193
v 0.16073 1.04000 -0.38803
v 0.23334 1.04000 -0.34922
v 0.29698 1.04000 -0.29698
v 0.34922 1.04000 -0.23334
v 0.38803 1.04000 -0.16073
v 0.41193 1.04000 -0.08194
v 0.38000 1.10000 0.00000
v 0.37270 1.10000 0.07413
v 0.35107 1.10000 0.14542
v 0.31596 1.10000 0.21112
v 0.26870 1.10000 0.26870
v 0.21112 1.10000 0.31596
v 0.14542 1.10000 0.35107
v 0.07413 1.10000 0.37270
v 0.00000 1.10000 0.38000
v -0.07413 1.10000 0.37270
v -0.14542 1.10000 0.35107
v -0.21112 1.10000 0.31596
v -0.26870 1.10000 0.26870
v -0.31596 1.10000 0.21112
v -0.35107 1.10000 0.14542
v -0.37270 1.10000 0.07413
v -0.38000 1.10000 0.00000
v -0.37270 1.10000 -0.07413
v -0.35107 1.10000 -0.14542
v -0.31596 1.10000 -0.21112
v -0.26870 1.10000 -0.26870
v -0.21112 1.10000 -0.31596
v -0.14542 1.10000 -0.35107
v -0.07413 1.10000 -0.37270
v -0.00000 1.10000 -0.38000
v 0.07413 1.10000 -0.37270
v 0.14542 1.10000 -0.35107
v 0.21112 1.10000 -0.31596
v 0.26870 1.10000 -0.26870
v 0.31596 1.10000 -0.21112
v 0.35107 1.10000 -0.14542
v 0.37270 1.10000 -0.07413
v 0.00000 1.10000 0.00000
v 0.00000 1.10000 0.00000
v 0.00000 1.10000 0.00000
v 0.00000 1.10000 0.00000
v 0.00000 1.10000 0.00000
v 0.00000 1.10000 0.00000
v 0.00000 1.10000 0.00000
v 0.00000 1.10000 0.00000
v 0.00000 1.10000 0.00000
v -0.00000 1.10000 0.00000
v -0.00000 1.10000 0.00000
v -0.00000 1.10000 0.00000
v -0.00000 1.10000 0.00000
v -0.00000 1.10000 0.00000
v -0.00000 1.10000 0.00000
v -0.00000 1.10000 0.00000
v -0.00000 1.10000 0.00000
v -0.00000 1.10000 -0.00000
v -0.00000 1.10000 -0.00000
v -0.00000 1.10000 -0.00000
v -0.00000 1.10000 -0.00000
v -0.00000 1.10000 -0.00000
v -0.00000 1.10000 -0.00000
v -0.00000 1.10000 -0.00000
v -0.00000 1.10000 -0.00000
v 0.00000 1.10000 -0.00000
v 0.00000 1.10000 -0.00000
v 0.00000 1.10000 -0.00000
v 0.00000 1.10000 -0.00000
v 0.00000 1.10000 -0.00000
v 0.00000 1.10000 -0.00000
v 0.00000 1.10000 -0.00000
v 0.83000 0.55000 0.07200
v 0.81858 0.59592 0.06652
v 0.78607 0.63485 0.05091
v 0.73740 0.66087 0.02755
v 0.68000 0.67000 0.00000
v 0.62260 0.66087 -0.02755
v 0.57393 0.63485 -0.05091
v 0.54142 0.59592 -0.06652
v 0.53000 0.55000 -0.07200
v 0.54142 0.50408 -0.06652
v 0.57393 0.46515 -0.05091
v 0.62260 0.43913 -0.02755
v 0.68000 0.43000 -0.00000
v 0.73740 0.43913 0.02755
v 0.78607 0.46515 0.05091
v 0.81858 0.50408 0.06652
v 0.97000 0.58000 0.06600
v 0.95858 0.62210 0.06098
v 0.92607 0.65778 0.04667
v 0.87740 0.68163 0.02526
v 0.82000 0.69000 0.00000
v 0.76260 0.68163 -0.02526
v 0.71393 0.65778 -0.04667
v 0.68142 0.62210 -0.06098
v 0.67000 0.58000 -0.06600
v 0.68142 0.53790 -0.06098
v 0.71393 0.50222 -0.04667
v 0.76260 0.47837 -0.02526
v 0.82000 0.47000 -0.00000
v 0.87740 0.47837 0.02526
v 0.92607 0.50222 0.04667
v 0.95858 0.53790 0.06098
v 1.11000 0.64000 0.06000
v 1.09858 0.67827 0.05543
v 1.06607 0.71071 0.04243
v 1.01740 0.73239 0.02296
v 0.96000 0.74000 0.00000
v 0.90260 0.73239 -0.02296
v 0.85393 0.71071 -0.04243
v 0.82142 0.67827 -0.05543
v 0.81000 0.64000 -0.06000
v 0.82142 0.60173 -0.05543
v 0.85393 0.56929 -0.04243
v 0.90260 0.54761 -0.02296
v 0.96000 0.54000 -0.00000
v 1.01740 0.54761 0.02296
v 1.06607 0.56929 0.04243
v 1.09858 0.60173 0.05543
v 1.21000 0.72000 0.05400
v 1.19858 0.75444 0.04989
v 1.16607 0.78364 0.03818
v 1.11740 0.80315 0.02066
v 1.06000 0.81000 0.00000
v 1.00260 0.80315 -0.02066
v 0.95393 0.78364 -0.03818
v 0.92142 0.75444 -0.04989
v 0.91000 0.72000 -0.05400
v 0.92142 0.68556 -0.04989
v 0.95393 0.65636 -0.03818
v 1.00260 0.63685 -0.02066
v 1.06000 0.63000 -0.00000
v 1.11740 0.63685 0.02066
v 1.16607 0.65636 0.03818
v 1.19858 0.68556 0.04989
v 1.27000 0.83000 0.04800
v 1.25858 0.86061 0.04435
v 1.22607 0.88657 0.03394
v 1.17740 0.90391 0.01837
v 1.12000 0.91000 0.00000
v 1.06260 0.90391 -0.01837
v 1.01393 0.88657 -0.03394
v 0.98142 0.86061 -0.04435
v 0.97000 0.83000 -0.04800
v 0.98142 0.79939 -0.04435
v 1.01393 0.77343 -0.03394
v 1.06260 0.75609 -0.01837
v 1.12000 0.75000 -0.00000
v 1.17740 0.75609 0.01837
v 1.22607 0.77343 0.03394
v 1.25858 0.79939 0.04435
v 1.25000 0.95000 0.04200
v 1.23858 0.97679 0.03880
v 1.20607 0.99950 0.02970
v 1.15740 1.01467 0.01607
v 1.10000 1.02000 0.00000
v 1.04260 1.01467 -0.01607
v 0.99393 0.99950 -0.02970
v 0.96142 0.97679 -0.03880
v 0.95000 0.95000 -0.04200
v 0.96142 0.92321 -0.03880
v 0.99393 0.90050 -0.02970
v 1.04260 0.88533 -0.01607
v 1.10000 0.88000 -0.00000
v 1.15740 0.88533 0.01607
v 1.20607 0.90050 0.02970
v 1.23858 0.92321 0.03880
v -0.12000 0.35000 0.07000
v -0.12000 0.39114 0.05663
v -0.12000 0.41657 0.02163
v -0.12000 0.41657 -0.02163
v -0.12000 0.39114 -0.05663
v -0.12000 0.35000 -0.07000
v -0.12000 0.30886 -0.05663
v -0.12000 0.28343 -0.02163
v -0.12000 0.28343 0.02163
v -0.12000 0.30886 0.05663
v -0.25796 0.38571 0.07000
v -0.25499 0.42686 0.05663
v -0.24720 0.45229 0.02163
v -0.23757 0.45229 -0.02163
v -0.22978 0.42686 -0.05663
v -0.22681 0.38571 -0.07000
v -0.22978 0.34457 -0.05663
v -0.23757 0.31914 -0.02163
v -0.24720 0.31914 0.02163
v -0.25499 0.34457 0.05663
v -0.38901 0.42143 0.07000
v -0.38321 0.46257 0.05663
v -0.36802 0.48800 0.02163
v -0.34925 0.48800 -0.02163
v -0.33406 0.46257 -0.05663
v -0.32826 0.42143 -0.07000
v -0.33406 0.38028 -0.05663
v -0.34925 0.35485 -0.02163
v -0.36802 0.35485 0.02163
v -0.38321 0.38028 0.05663
v -0.50656 0.45714 0.07000
v -0.49823 0.49829 0.05663
v -0.47641 0.52372 0.02163
v -0.44943 0.52372 -0.02163
v -0.42761 0.49829 -0.05663
v -0.41928 0.45714 -0.07000
v -0.42761 0.41600 -0.05663
v -0.44943 0.39057 -0.02163
v -0.47641 0.39057 0.02163
v -0.49823 0.41600 0.05663
v -0.60474 0.49286 0.07000
v -0.59428 0.53400 0.05663
v -0.56692 0.55943 0.02163
v -0.53310 0.55943 -0.02163
v -0.50573 0.53400 -0.05663
v -0.49528 0.49286 -0.07000
v -0.50573 0.45171 -0.05663
v -0.53310 0.42628 -0.02163
v -0.56692 0.42628 0.02163
v -0.59428 0.45171 0.05663
v -0.67860 0.52857 0.07000
v -0.66656 0.56972 0.05663
v -0.63502 0.59515 0.02163
v -0.59604 0.59515 -0.02163
v -0.56451 0.56972 -0.05663
v -0.55247 0.52857 -0.07000
v -0.56451 0.48743 -0.05663
v -0.59604 0.46200 -0.02163
v -0.63502 0.46200 0.02163
v -0.66656 0.48743 0.05663
v -0.72446 0.56429 0.07000
v -0.71142 0.60543 0.05663
v -0.67730 0.63086 0.02163
v -0.63512 0.63086 -0.02163
v -0.60100 0.60543 -0.05663
v -0.58797 0.56429 -0.07000
v -0.60100 0.52314 -0.05663
v -0.63512 0.49771 -0.02163
v -0.67730 0.49771 0.02163
v -0.71142 0.52314 0.05663
v -0.74000 0.60000 0.07000
v -0.72663 0.64114 0.05663
v -0.69163 0.66657 0.02163
v -0.64837 0.66657 -0.02163
v -0.61337 0.64114 -0.05663
v -0.60000 0.60000 -0.07000
v -0.61337 0.55886 -0.05663
v -0.64837 0.53343 -0.02163
v -0.69163 0.53343 0.02163
v -0.72663 0.55886 0.05663
v -0.72446 0.63571 0.07000
v -0.71142 0.67686 0.05663
v -0.67730 0.70229 0.02163
v -0.63512 0.70229 -0.02163
v -0.60100 0.67686 -0.05663
v -0.58797 0.63571 -0.07000
v -0.60100 0.59457 -0.05663
v -0.63512 0.56914 -0.02163
v -0.67730 0.56914 0.02163
v -0.71142 0.59457 0.05663
v -0.67860 0.67143 0.07000
v -0.66656 0.71257 0.05663
v -0.63502 0.73800 0.02163
v -0.59604 0.73800 -0.02163
v -0.56451 0.71257 -0.05663
v -0.55247 0.67143 -0.07000
v -0.56451 0.63028 -0.05663
v -0.59604 0.60485 -0.02163
v -0.63502 0.60485 0.02163
v -0.66656 0.63028 0.05663
v -0.60474 0.70714 0.07000
v -0.59428 0.74829 0.05663
v -0.56692 0.77372 0.02163
v -0.53310 0.77372 -0.02163
v -0.50573 0.74829 -0.05663
v -0.49528 0.70714 -0.07000
v -0.50573 0.66600 -0.05663
v -0.53310 0.64057 -0.02163
v -0.56692 0.64057 0.02163
v -0.59428 0.66600 0.05663
v -0.50656 0.74286 0.07000
v -0.49823 0.78400 0.05663
v -0.47641 0.80943 0.02163
v -0.44943 0.80943 -0.02163
v -0.42761 0.78400 -0.05663
v -0.41928 0.74286 -0.07000
v -0.42761 0.70171 -0.05663
v -0.44943 0.67628 -0.02163
v -0.47641 0.67628 0.02163
v -0.49823 0.70171 0.05663
v -0.38901 0.77857 0.07000
v -0.38321 0.81972 0.05663
v -0.36802 0.84515 0.02163
v -0.34925 0.84515 -0.02163
v -0.33406 0.81972 -0.05663
v -0.32826 0.77857 -0.07000
v -0.33406 0.73743 -0.05663
v -0.34925 0.71200 -0.02163
v -0.36802 0.71200 0.02163
v -0.38321 0.73743 0.05663
v -0.25796 0.81429 0.07000
v -0.25499 0.85543 0.05663
v -0.24720 0.88086 0.02163
v -0.23757 0.88086 -0.02163
v -0.22978 0.85543 -0.05663
v -0.22681 0.81429 -0.07000
v -0.22978 0.77314 -0.05663
v -0.23757 0.74771 -0.02163
v -0.24720 0.74771 0.02163
v -0.25499 0.77314 0.05663
v -0.12000 0.85000 0.07000
v -0.12000 0.89114 0.05663
v -0.12000 0.91657 0.02163
v -0.12000 0.91657 -0.02163
v -0.12000 0.89114 -0.05663
v -0.12000 0.85000 -0.07000
v -0.12000 0.80886 -0.05663
v -0.12000 0.78343 -0.02163
v -0.12000 0.78343 0.02163
v -0.12000 0.80886 0.05663
v 0.00000 1.10000 0.00000
v 0.00000 1.10000 0.00000
v 0.00000 1.10000 0.00000
v 0.00000 1.10000 0.00000
v 0.00000 1.10000 0.00000
v 0.00000 1.10000 0.00000
v 0.00000 1.10000 0.00000
v 0.00000 1.10000 0.00000
v 0.00000 1.10000 0.00000
v -0.00000 1.10000 0.00000
v -0.00000 1.10000 0.00000
v -0.00000 1.10000 0.00000
v -0.00000 1.10000 0.00000
v -0.00000 1.10000 0.00000
v -0.00000 1.10000 0.00000
v -0.00000 1.10000 0.00000
v -0.00000 1.10000 0.00000
v -0.00000 1.10000 -0.00000
v -0.00000 1.10000 -0.00000
v -0.00000 1.10000 -0.00000
v -0.00000 1.10000 -0.00000
v -0.00000 1.10000 -0.00000
v -0.00000 1.10000 -0.00000
v -0.00000 1.10000 -0.00000
v -0.00000 1.10000 -0.00000
v 0.00000 1.10000 -0.00000
v 0.00000 1.10000 -0.00000
v 0.00000 1.10000 -0.00000
v 0.00000 1.10000 -0.00000
v 0.00000 1.10000 -0.00000
v 0.00000 1.10000 -0.00000
v 0.00000 1.10000 -0.00000
v 0.30000 1.10000 0.00000
v 0.29424 1.10000 0.05853
v 0.27716 1.10000 0.11481
v 0.24944 1.10000 0.16667
v 0.21213 1.10000 0.21213
v 0.16667 1.10000 0.24944
v 0.11481 1.10000 0.27716
v 0.05853 1.10000 0.29424
v 0.00000 1.10000 0.30000
v -0.05853 1.10000 0.29424
v -0.11481 1.10000 0.27716
v -0.16667 1.10000 0.24944
v -0.21213 1.10000 0.21213
v -0.24944 1.10000 0.16667
v -0.27716 1.10000 0.11481
v -0.29424 1.10000 0.05853
v -0.30000 1.10000 0.00000
v -0.29424 1.10000 -0.05853
v -0.27716 1.10000 -0.11481
v -0.24944 1.10000 -0.16667
v -0.21213 1.10000 -0.21213
v -0.16667 1.10000 -0.24944
v -0.11481 1.10000 -0.27716
v -0.05853 1.10000 -0.29424
v -0.00000 1.10000 -0.30000
v 0.05853 1.10000 -0.29424
v 0.11481 1.10000 -0.27716
v 0.16667 1.10000 -0.24944
v 0.21213 1.10000 -0.21213
v 0.24944 1.10000 -0.16667
v 0.27716 1.10000 -0.11481
v 0.29424 1.10000 -0.05853
v 0.36000 1.15000 0.00000
v 0.35308 1.15000 0.07023
v 0.33260 1.15000 0.13777
v 0.29933 1.15000 0.20001
v 0.25456 1.15000 0.25456
v 0.20001 1.15000 0.29933
v 0.13777 1.15000 0.33260
v 0.07023 1.15000 0.35308
v 0.00000 1.15000 0.36000
v -0.07023 1.15000 0.35308
v -0.13777 1.15000 0.33260
v -0.20001 1.15000 0.29933
v -0.25456 1.15000 0.25456
v -0.29933 1.15000 0.20001
v -0.33260 1.15000 0.13777
v -0.35308 1.15000 0.07023
v -0.36000 1.15000 0.00000
v -0.35308 1.15000 -0.07023
v -0.33260 1.15000 -0.13777
v -0.29933 1.15000 -0.20001
v -0.25456 1.15000 -0.25456
v -0.20001 1.15000 -0.29933
v -0.13777 1.15000 -0.33260
v -0.07023 1.15000 -0.35308
v -0.00000 1.15000 -0.36000
v 0.07023 1.15000 -0.35308
v 0.13777 1.15000 -0.33260
v 0.20001 1.15000 -0.29933
v 0.25456 1.15000 -0.25456
v 0.29933 1.15000 -0.20001
v 0.33260 1.15000 -0.13777
v 0.35308 1.15000 -0.07023
v 0.28000 1.20000 0.00000
v 0.27462 1.20000 0.05463
v 0.25869 1.20000 0.10715
v 0.23281 1.20000 0.15556
v 0.19799 1.20000 0.19799
v 0.15556 1.20000 0.23281
v 0.10715 1.20000 0.25869
v 0.05463 1.20000 0.27462
v 0.00000 1.20000 0.28000
v -0.05463 1.20000 0.27462
v -0.10715 1.20000 0.25869
v -0.15556 1.20000 0.23281
v -0.19799 1.20000 0.19799
v -0.23281 1.20000 0.15556
v -0.25869 1.20000 0.10715
v -0.27462 1.20000 0.05463
v -0.28000 1.20000 0.00000
v -0.27462 1.20000 -0.05463
v -0.25869 1.20000 -0.10715
v -0.23281 1.20000 -0.15556
v -0.19799 1.20000 -0.19799
v -0.15556 1.20000 -0.23281
v -0.10715 1.20000 -0.25869
v -0.05463 1.20000 -0.27462
v -0.00000 1.20000 -0.28000
v 0.05463 1.20000 -0.27462
v 0.10715 1.20000 -0.25869
v 0.15556 1.20000 -0.23281
v 0.19799 1.20000 -0.19799
v 0.23281 1.20000 -0.15556
v 0.25869 1.20000 -0.10715
v 0.27462 1.20000 -0.05463
v 0.15000 1.25000 0.00000
v 0.14712 1.25000 0.02926
v 0.13858 1.25000 0.05740
v 0.12472 1.25000 0.08334
v 0.10607 1.25000 0.10607
v 0.08334 1.25000 0.12472
v 0.05740 1.25000 0.13858
v 0.02926 1.25000 0.14712
v 0.00000 1.25000 0.15000
v -0.02926 1.25000 0.14712
v -0.05740 1.25000 0.13858
v -0.08334 1.25000 0.12472
v -0.10607 1.25000 0.10607
v -0.12472 1.25000 0.08334
v -0.13858 1.25000 0.05740
v -0.14712 1.25000 0.02926
v -0.15000 1.25000 0.00000
v -0.14712 1.25000 -0.02926
v -0.13858 1.25000 -0.05740
v -0.12472 1.25000 -0.08334
v -0.10607 1.25000 -0.10607
v -0.08334 1.25000 -0.12472
v -0.05740 1.25000 -0.13858
v -0.02926 1.25000 -0.14712
v -0.00000 1.25000 -0.15000
v 0.02926 1.25000 -0.14712
v 0.05740 1.25000 -0.13858
v 0.08334 1.25000 -0.12472
v 0.10607 1.25000 -0.10607
v 0.12472 1.25000 -0.08334
v 0.13858 1.25000 -0.05740
v 0.14712 1.25000 -0.02926
v 0.10000 1.30000 0.00000
v 0.09808 1.30000 0.01951
v 0.09239 1.30000 0.03827
v 0.08315 1.30000 0.05556
v 0.07071 1.30000 0.07071
v 0.05556 1.30000 0.08315
v 0.03827 1.30000 0.09239
v 0.01951 1.30000 0.09808
v 0.00000 1.30000 0.10000
v -0.01951 1.30000 0.09808
v -0.03827 1.30000 0.09239
v -0.05556 1.30000 0.08315
v -0.07071 1.30000 0.07071
v -0.08315 1.30000 0.05556
v -0.09239 1.30000 0.03827
v -0.09808 1.30000 0.01951
v -0.10000 1.30000 0.00000
v -0.09808 1.30000 -0.01951
v -0.09239 1.30000 -0.03827
v -0.08315 1.30000 -0.05556
v -0.07071 1.30000 -0.07071
v -0.05556 1.30000 -0.08315
v -0.03827 1.30000 -0.09239
v -0.01951 1.30000 -0.09808
v -0.00000 1.30000 -0.10000
v 0.01951 1.30000 -0.09808
v 0.03827 1.30000 -0.09239
v 0.05556 1.30000 -0.08315
v 0.07071 1.30000 -0.07071
v 0.08315 1.30000 -0.05556
v 0.09239 1.30000 -0.03827
v 0.09808 1.30000 -0.01951
v 0.00000 1.30000 0.00000
v 0.00000 1.30000 0.00000
v 0.00000 1.30000 0.00000
v 0.00000 1.30000 0.00000
v 0.00000 1.30000 0.00000
v 0.00000 1.30000 0.00000
v 0.00000 1.30000 0.00000
v 0.00000 1.30000 0.00000
v 0.00000 1.30000 0.00000
v -0.00000 1.30000 0.00000
v -0.00000 1.30000 0.00000
v -0.00000 1.30000 0.00000
v -0.00000 1.30000 0.00000
v -0.00000 1.30000 0.00000
v -0.00000 1.30000 0.00000
v -0.00000 1.30000 0.00000
v -0.00000 1.30000 0.00000
v -0.00000 1.30000 -0.00000
v -0.00000 1.30000 -0.00000
v -0.00000 1.30000 -0.00000
v -0.00000 1.30000 -0.00000
v -0.00000 1.30000 -0.00000
v -0.00000 1.30000 -0.00000
v -0.00000 1.30000 -0.00000
v -0.00000 1.30000 -0.00000
v 0.00000 1.30000 -0.00000
v 0.00000 1.30000 -0.00000
v 0.00000 1.30000 -0.00000
v 0.00000 1.30000 -0.00000
v 0.00000 1.30000 -0.00000
v 0.00000 1.30000 -0.00000
v 0.00000 1.30000 -0.00000

vn 0.00000 -1.00000 0.00000
vn 0.00000 -1.00000 0.00000
vn 0.00000 -1.00000 0.00000
vn 0.00000 -1.00000 0.00000
vn 0.00000 -1.00000 0.00000
vn 0.00000 -1.00000 0.00000
vn 0.00000 -1.00000 0.00000
vn 0.00000 -1.00000 0.00000
vn 0.00000 -1.00000 0.00000
vn -0.00000 -1.00000 0.00000
vn -0.00000 -1.00000 0.00000
vn -0.00000 -1.00000 0.00000
vn -0.00000 -1.00000 0.00000
vn -0.00000 -1.00000 0.00000
vn -0.00000 -1.00000 0.00000
vn -0.00000 -1.00000 0.00000
vn -0.00000 -1.00000 0.00000
vn -0.00000 -1.00000 -0.00000
vn -0.00000 -1.00000 -0.00000
vn -0.00000 -1.00000 -0.00000
vn -0.00000 -1.00000 -0.00000
vn -0.00000 -1.00000 -0.00000
vn -0.00000 -1.00000 -0.00000
vn -0.00000 -1.00000 -0.00000
vn -0.00000 -1.00000 -0.00000
vn 0.00000 -1.00000 -0.00000
vn 0.00000 -1.00000 -0.00000
vn 0.00000 -1.00000 -0.00000
vn 0.00000 -1.00000 -0.00000
vn 0.00000 -1.00000 -0.00000
vn 0.00000 -1.00000 -0.00000
vn 0.00000 -1.00000 -0.00000
vn 0.15799 -0.98744 0.00000
vn 0.15495 -0.98744 0.03082
vn 0.14596 -0.98744 0.06046
vn 0.13136 -0.98744 0.08777
vn 0.11172 -0.98744 0.11172
vn 0.08777 -0.98744 0.13136
vn 0.06046 -0.98744 0.14596
vn 0.03082 -0.98744 0.15495
vn 0.00000 -0.98744 0.15799
vn -0.03082 -0.98744 0.15495
vn -0.06046 -0.98744 0.14596
vn -0.08777 -0.98744 0.13136
vn -0.11172 -0.98744 0.11172
vn -0.13136 -0.98744 0.08777
vn -0.14596 -0.98744 0.06046
vn -0.15495 -0.98744 0.03082
vn -0.15799 -0.98744 0.00000
vn -0.15495 -0.98744 -0.03082
vn -0.14596 -0.98744 -0.06046
vn -0.13136 -0.98744 -0.08777
vn -0.11172 -0.98744 -0.11172
vn -0.08777 -0.98744 -0.13136
vn -0.06046 -0.98744 -0.14596
vn -0.03082 -0.98744 -0.15495
vn -0.00000 -0.98744 -0.15799
vn 0.03082 -0.98744 -0.15495
vn 0.06046 -0.98744 -0.14596
vn 0.08777 -0.98744 -0.13136
vn 0.11172 -0.98744 -0.11172
vn 0.13136 -0.98744 -0.08777
vn 0.14596 -0.98744 -0.06046
vn 0.15495 -0.98744 -0.03082
vn 0.55470 -0.83205 0.00000
vn 0.54404 -0.83205 0.10822
vn 0.51248 -0.83205 0.21227
vn 0.46122 -0.83205 0.30817
vn 0.39223 -0.83205 0.39223
vn 0.30817 -0.83205 0.46122
vn 0.21227 -0.83205 0.51248
vn 0.10822 -0.83205 0.54404
vn 0.00000 -0.83205 0.55470
vn -0.10822 -0.83205 0.54404
vn -0.21227 -0.83205 0.51248
vn -0.30817 -0.83205 0.46122
vn -0.39223 -0.83205 0.39223
vn -0.46122 -0.83205 0.30817
vn -0.51248 -0.83205 0.21227
vn -0.54404 -0.83205 0.10822
vn -0.55470 -0.83205 0.00000
vn -0.54404 -0.83205 -0.10822
vn -0.51248 -0.83205 -0.21227
vn -0.46122 -0.83205 -0.30817
vn -0.39223 -0.83205 -0.39223
vn -0.30817 -0.83205 -0.46122
vn -0.21227 -0.83205 -0.51248
vn -0.10822 -0.83205 -0.54404
vn -0.00000 -0.83205 -0.55470
vn 0.10822 -0.83205 -0.54404
vn 0.21227 -0.83205 -0.51248
vn 0.30817 -0.83205 -0.46122
vn 0.39223 -0.83205 -0.39223
vn 0.46122 -0.83205 -0.30817
vn 0.51248 -0.83205 -0.21227
vn 0.54404 -0.83205 -0.10822
vn 0.90546 -0.42443 0.00000
vn 0.88806 -0.42443 0.17665
vn 0.83653 -0.42443 0.34650
vn 0.75286 -0.42443 0.50305
vn 0.64026 -0.42443 0.64026
vn 0.50305 -0.42443 0.75286
vn 0.34650 -0.42443 0.83653
vn 0.17665 -0.42443 0.88806
vn 0.00000 -0.42443 0.90546
vn -0.17665 -0.42443 0.88806
vn -0.34650 -0.42443 0.83653
vn -0.50305 -0.42443 0.75286
vn -0.64026 -0.42443 0.64026
vn -0.75286 -0.42443 0.50305
vn -0.83653 -0.42443 0.34650
vn -0.88806 -0.42443 0.17665
vn -0.90546 -0.42443 0.00000
vn -0.88806 -0.42443 -0.17665
vn -0.83653 -0.42443 -0.34650
vn -0.75286 -0.42443 -0.50305
vn -0.64026 -0.42443 -0.64026
vn -0.50305 -0.42443 -0.75286
vn -0.34650 -0.42443 -0.83653
vn -0.17665 -0.42443 -0.88806
vn -0.00000 -0.42443 -0.90546
vn 0.17665 -0.42443 -0.88806
vn 0.34650 -0.42443 -0.83653
vn 0.50305 -0.42443 -0.75286
vn 0.64026 -0.42443 -0.64026
vn 0.75286 -0.42443 -0.50305
vn 0.83653 -0.42443 -0.34650
vn 0.88806 -0.42443 -0.17665
vn 0.98058 -0.19612 0.00000
vn 0.96174 -0.19612 0.19130
vn 0.90594 -0.19612 0.37525
vn 0.81532 -0.19612 0.54478
vn 0.69338 -0.19612 0.69338
vn 0.54478 -0.19612 0.81532
vn 0.37525 -0.19612 0.90594
vn 0.19130 -0.19612 0.96174
vn 0.00000 -0.19612 0.98058
vn -0.19130 -0.19612 0.96174
vn -0.37525 -0.19612 0.90594
vn -0.54478 -0.19612 0.81532
vn -0.69338 -0.19612 0.69338
vn -0.81532 -0.19612 0.54478
vn -0.90594 -0.19612 0.37525
vn -0.96174 -0.19612 0.19130
vn -0.98058 -0.19612 0.00000
vn -0.96174 -0.19612 -0.19130
vn -0.90594 -0.19612 -0.37525
vn -0.81532 -0.19612 -0.54478
vn -0.69338 -0.19612 -0.69338
vn -0.54478 -0.19612 -0.81532
vn -0.37525 -0.19612 -0.90594
vn -0.19130 -0.19612 -0.96174
vn -0.00000 -0.19612 -0.98058
vn 0.19130 -0.19612 -0.96174
vn 0.37525 -0.19612 -0.90594
vn 0.54478 -0.19612 -0.81532
vn 0.69338 -0.19612 -0.69338
vn 0.81532 -0.19612 -0.54478
vn 0.90594 -0.19612 -0.37525
vn 0.96174 -0.19612 -0.19130
vn 1.00000 -0.00000 0.00000
vn 0.98079 -0.00000 0.19509
vn 0.92388 -0.00000 0.38268
vn 0.83147 -0.00000 0.55557
vn 0.70711 -0.00000 0.70711
vn 0.55557 -0.00000 0.83147
vn 0.38268 -0.00000 0.92388
vn 0.19509 -0.00000 0.98079
vn 0.00000 -0.00000 1.00000
vn -0.19509 -0.00000 0.98079
vn -0.38268 -0.00000 0.92388
vn -0.55557 -0.00000 0.83147
vn -0.70711 -0.00000 0.70711
vn -0.83147 -0.00000 0.55557
vn -0.92388 -0.00000 0.38268
vn -0.98079 -0.00000 0.19509
vn -1.00000 -0.00000 0.00000
vn -0.98079 -0.00000 -0.19509
vn -0.92388 -0.00000 -0.38268
vn -0.83147 -0.00000 -0.55557
vn -0.70711 -0.00000 -0.70711
vn -0.55557 -0.00000 -0.83147
vn -0.38268 -0.00000 -0.92388
vn -0.19509 -0.00000 -0.98079
vn -0.00000 -0.00000 -1.00000
vn 0.19509 -0.00000 -0.98079
vn 0.38268 -0.00000 -0.92388
vn 0.55557 -0.00000 -0.83147
vn 0.70711 -0.00000 -0.70711
vn 0.83147 -0.00000 -0.55557
vn 0.92388 -0.00000 -0.38268
vn 0.98079 -0.00000 -0.19509
vn 0.88235 0.47059 0.00000
vn 0.86540 0.47059 0.17214
vn 0.81519 0.47059 0.33766
vn 0.73365 0.47059 0.49021
vn 0.62392 0.47059 0.62392
vn 0.49021 0.47059 0.73365
vn 0.33766 0.47059 0.81519
vn 0.17214 0.47059 0.86540
vn 0.00000 0.47059 0.88235
vn -0.17214 0.47059 0.86540
vn -0.33766 0.47059 0.81519
vn -0.49021 0.47059 0.73365
vn -0.62392 0.47059 0.62392
vn -0.73365 0.47059 0.49021
vn -0.81519 0.47059 0.33766
vn -0.86540 0.47059 0.17214
vn -0.88235 0.47059 0.00000
vn -0.86540 0.47059 -0.17214
vn -0.81519 0.47059 -0.33766
vn -0.73365 0.47059 -0.49021
vn -0.62392 0.47059 -0.62392
vn -0.49021 0.47059 -0.73365
vn -0.33766 0.47059 -0.81519
vn -0.17214 0.47059 -0.86540
vn -0.00000 0.47059 -0.88235
vn 0.17214 0.47059 -0.86540
vn 0.33766 0.47059 -0.81519
vn 0.49021 0.47059 -0.73365
vn 0.62392 0.47059 -0.62392
vn 0.73365 0.47059 -0.49021
vn 0.81519 0.47059 -0.33766
vn 0.86540 0.47059 -0.17214
vn 0.59523 0.80356 0.00000
vn 0.58379 0.80356 0.11612
vn 0.54992 0.80356 0.22778
vn 0.49491 0.80356 0.33069
vn 0.42089 0.80356 0.42089
vn 0.33069 0.80356 0.49491
vn 0.22778 0.80356 0.54992
vn 0.11612 0.80356 0.58379
vn 0.00000 0.80356 0.59523
vn -0.11612 0.80356 0.58379
vn -0.22778 0.80356 0.54992
vn -0.33069 0.80356 0.49491
vn -0.42089 0.80356 0.42089
vn -0.49491 0.80356 0.33069
vn -0.54992 0.80356 0.22778
vn -0.58379 0.80356 0.11612
vn -0.59523 0.80356 0.00000
vn -0.58379 0.80356 -0.11612
vn -0.54992 0.80356 -0.22778
vn -0.49491 0.80356 -0.33069
vn -0.42089 0.80356 -0.42089
vn -0.33069 0.80356 -0.49491
vn -0.22778 0.80356 -0.54992
vn -0.11612 0.80356 -0.58379
vn -0.00000 0.80356 -0.59523
vn 0.11612 0.80356 -0.58379
vn 0.22778 0.80356 -0.54992
vn 0.33069 0.80356 -0.49491
vn 0.42089 0.80356 -0.42089
vn 0.49491 0.80356 -0.33069
vn 0.54992 0.80356 -0.22778
vn 0.58379 0.80356 -0.11612
vn 0.81373 0.58124 0.00000
vn 0.79810 0.58124 0.15875
vn 0.75179 0.58124 0.31140
vn 0.67659 0.58124 0.45209
vn 0.57540 0.58124 0.57540
vn 0.45209 0.58124 0.67659
vn 0.31140 0.58124 0.75179
vn 0.15875 0.58124 0.79810
vn 0.00000 0.58124 0.81373
vn -0.15875 0.58124 0.79810
vn -0.31140 0.58124 0.75179
vn -0.45209 0.58124 0.67659
vn -0.57540 0.58124 0.57540
vn -0.67659 0.58124 0.45209
vn -0.75179 0.58124 0.31140
vn -0.79810 0.58124 0.15875
vn -0.81373 0.58124 0.00000
vn -0.79810 0.58124 -0.15875
vn -0.75179 0.58124 -0.31140
vn -0.67659 0.58124 -0.45209
vn -0.57540 0.58124 -0.57540
vn -0.45209 0.58124 -0.67659
vn -0.31140 0.58124 -0.75179
vn -0.15875 0.58124 -0.79810
vn -0.00000 0.58124 -0.81373
vn 0.15875 0.58124 -0.79810
vn 0.31140 0.58124 -0.75179
vn 0.45209 0.58124 -0.67659
vn 0.57540 0.58124 -0.57540
vn 0.67659 0.58124 -0.45209
vn 0.75179 0.58124 -0.31140
vn 0.79810 0.58124 -0.15875
vn 1.00000 -0.00000 0.00000
vn 0.98079 -0.00000 0.19509
vn 0.92388 -0.00000 0.38268
vn 0.83147 -0.00000 0.55557
vn 0.70711 -0.00000 0.70711
vn 0.55557 -0.00000 0.83147
vn 0.38268 -0.00000 0.92388
vn 0.19509 -0.00000 0.98079
vn 0.00000 -0.00000 1.00000
vn -0.19509 -0.00000 0.98079
vn -0.38268 -0.00000 0.92388
vn -0.55557 -0.00000 0.83147
vn -0.70711 -0.00000 0.70711
vn -0.83147 -0.00000 0.55557
vn -0.92388 -0.00000 0.38268
vn -0.98079 -0.00000 0.19509
vn -1.00000 -0.00000 0.00000
vn -0.98079 -0.00000 -0.19509
vn -0.92388 -0.00000 -0.38268
vn -0.83147 -0.00000 -0.55557
vn -0.70711 -0.00000 -0.70711
vn -0.55557 -0.00000 -0.83147
vn -0.38268 -0.00000 -0.92388
vn -0.19509 -0.00000 -0.98079
vn -0.00000 -0.00000 -1.00000
vn 0.19509 -0.00000 -0.98079
vn 0.38268 -0.00000 -0.92388
vn 0.55557 -0.00000 -0.83147
vn 0.70711 -0.00000 -0.70711
vn 0.83147 -0.00000 -0.55557
vn 0.92388 -0.00000 -0.38268
vn 0.98079 -0.00000 -0.19509
vn 0.14142 0.98995 0.00000
vn 0.13870 0.98995 0.02759
vn 0.13066 0.98995 0.05412
vn 0.11759 0.98995 0.07857
vn 0.10000 0.98995 0.10000
vn 0.07857 0.98995 0.11759
vn 0.05412 0.98995 0.13066
vn 0.02759 0.98995 0.13870
vn 0.00000 0.98995 0.14142
vn -0.02759 0.98995 0.13870
vn -0.05412 0.98995 0.13066
vn -0.07857 0.98995 0.11759
vn -0.10000 0.98995 0.10000
vn -0.11759 0.98995 0.07857
vn -0.13066 0.98995 0.05412
vn -0.13870 0.98995 0.02759
vn -0.14142 0.98995 0.00000
vn -0.13870 0.98995 -0.02759
vn -0.13066 0.98995 -0.05412
vn -0.11759 0.98995 -0.07857
vn -0.10000 0.98995 -0.10000
vn -0.07857 0.98995 -0.11759
vn -0.05412 0.98995 -0.13066
vn -0.02759 0.98995 -0.13870
vn -0.00000 0.98995 -0.14142
vn 0.02759 0.98995 -0.13870
vn 0.05412 0.98995 -0.13066
vn 0.07857 0.98995 -0.11759
vn 0.10000 0.98995 -0.10000
vn 0.11759 0.98995 -0.07857
vn 0.13066 0.98995 -0.05412
vn 0.13870 0.98995 -0.02759
vn 0.00000 1.00000 0.00000
vn 0.00000 1.00000 0.00000
vn 0.00000 1.00000 0.00000
vn 0.00000 1.00000 0.00000
vn 0.00000 1.00000 0.00000
vn 0.00000 1.00000 0.00000
vn 0.00000 1.00000 0.00000
vn 0.00000 1.00000 0.00000
vn 0.00000 1.00000 0.00000
vn -0.00000 1.00000 0.00000
vn -0.00000 1.00000 0.00000
vn -0.00000 1.00000 0.00000
vn -0.00000 1.00000 0.00000
vn -0.00000 1.00000 0.00000
vn -0.00000 1.00000 0.00000
vn -0.00000 1.00000 0.00000
vn -0.00000 1.00000 0.00000
vn -0.00000 1.00000 -0.00000
vn -0.00000 1.00000 -0.00000
vn -0.00000 1.00000 -0.00000
vn -0.00000 1.00000 -0.00000
vn -0.00000 1.00000 -0.00000
vn -0.00000 1.00000 -0.00000
vn -0.00000 1.00000 -0.00000
vn -0.00000 1.00000 -0.00000
vn 0.00000 1.00000 -0.00000
vn 0.00000 1.00000 -0.00000
vn 0.00000 1.00000 -0.00000
vn 0.00000 1.00000 -0.00000
vn 0.00000 1.00000 -0.00000
vn 0.00000 1.00000 -0.00000
vn 0.00000 1.00000 -0.00000
vn 0.24254 0.00000 0.97014
vn 0.20152 0.55647 0.80606
vn 0.12757 0.85049 0.51029
vn 0.06019 0.96872 0.24075
vn 0.00000 1.00000 0.00000
vn -0.06019 0.96872 -0.24075
vn -0.12757 0.85049 -0.51029
vn -0.20152 0.55647 -0.80606
vn -0.24254 0.00000 -0.97014
vn -0.20152 -0.55647 -0.80606
vn -0.12757 -0.85049 -0.51029
vn -0.06019 -0.96872 -0.24075
vn -0.00000 -1.00000 -0.00000
vn 0.06019 -0.96872 0.24075
vn 0.12757 -0.85049 0.51029
vn 0.20152 -0.55647 0.80606
vn 0.24254 0.00000 0.97014
vn 0.20152 0.55647 0.80606
vn 0.12757 0.85049 0.51029
vn 0.06019 0.96872 0.24075
vn 0.00000 1.00000 0.00000
vn -0.06019 0.96872 -0.24075
vn -0.12757 0.85049 -0.51029
vn -0.20152 0.55647 -0.80606
vn -0.24254 0.00000 -0.97014
vn -0.20152 -0.55647 -0.80606
vn -0.12757 -0.85049 -0.51029
vn -0.06019 -0.96872 -0.24075
vn -0.00000 -1.00000 -0.00000
vn 0.06019 -0.96872 0.24075
vn 0.12757 -0.85049 0.51029
vn 0.20152 -0.55647 0.80606
vn 0.24254 0.00000 0.97014
vn 0.20152 0.55647 0.80606
vn 0.12757 0.85049 0.51029
vn 0.06019 0.96872 0.24075
vn 0.00000 1.00000 0.00000
vn -0.06019 0.96872 -0.24075
vn -0.12757 0.85049 -0.51029
vn -0.20152 0.55647 -0.80606
vn -0.24254 0.00000 -0.97014
vn -0.20152 -0.55647 -0.80606
vn -0.12757 -0.85049 -0.51029
vn -0.06019 -0.96872 -0.24075
vn -0.00000 -1.00000 -0.00000
vn 0.06019 -0.96872 0.24075
vn 0.12757 -0.85049 0.51029
vn 0.20152 -0.55647 0.80606
vn 0.24254 0.00000 0.97014
vn 0.20152 0.55647 0.80606
vn 0.12757 0.85049 0.51029
vn 0.06019 0.96872 0.24075
vn 0.00000 1.00000 0.00000
vn -0.06019 0.96872 -0.24075
vn -0.12757 0.85049 -0.51029
vn -0.20152 0.55647 -0.80606
vn -0.24254 0.00000 -0.97014
vn -0.20152 -0.55647 -0.80606
vn -0.12757 -0.85049 -0.51029
vn -0.06019 -0.96872 -0.24075
vn -0.00000 -1.00000 -0.00000
vn 0.06019 -0.96872 0.24075
vn 0.12757 -0.85049 0.51029
vn 0.20152 -0.55647 0.80606
vn 0.24254 0.00000 0.97014
vn 0.20152 0.55647 0.80606
vn 0.12757 0.85049 0.51029
vn 0.06019 0.96872 0.24075
vn 0.00000 1.00000 0.00000
vn -0.06019 0.96872 -0.24075
vn -0.12757 0.85049 -0.51029
vn -0.20152 0.55647 -0.80606
vn -0.24254 0.00000 -0.97014
vn -0.20152 -0.55647 -0.80606
vn -0.12757 -0.85049 -0.51029
vn -0.06019 -0.96872 -0.24075
vn -0.00000 -1.00000 -0.00000
vn 0.06019 -0.96872 0.24075
vn 0.12757 -0.85049 0.51029
vn 0.20152 -0.55647 0.80606
vn 0.24254 0.00000 0.97014
vn 0.20152 0.55647 0.80606
vn 0.12757 0.85049 0.51029
vn 0.06019 0.96872 0.24075
vn 0.00000 1.00000 0.00000
vn -0.06019 0.96872 -0.24075
vn -0.12757 0.85049 -0.51029
vn -0.20152 0.55647 -0.80606
vn -0.24254 0.00000 -0.97014
vn -0.20152 -0.55647 -0.80606
vn -0.12757 -0.85049 -0.51029
vn -0.06019 -0.96872 -0.24075
vn -0.00000 -1.00000 -0.00000
vn 0.06019 -0.96872 0.24075
vn 0.12757 -0.85049 0.51029
vn 0.20152 -0.55647 0.80606
vn -0.00000 0.00000 1.00000
vn -0.00000 0.58779 0.80902
vn -0.00000 0.95106 0.30902
vn 0.00000 0.95106 -0.30902
vn 0.00000 0.58779 -0.80902
vn 0.00000 0.00000 -1.00000
vn 0.00000 -0.58779 -0.80902
vn 0.00000 -0.95106 -0.30902
vn -0.00000 -0.95106 0.30902
vn -0.00000 -0.58779 0.80902
vn -0.40659 0.00000 0.91361
vn -0.33876 0.55303 0.76118
vn -0.13624 0.94219 0.30614
vn 0.13624 0.94219 -0.30614
vn 0.33876 0.55303 -0.76118
vn 0.40659 0.00000 -0.91361
vn 0.33876 -0.55303 -0.76118
vn 0.13624 -0.94219 -0.30614
vn -0.13624 -0.94219 0.30614
vn -0.33876 -0.55303 0.76118
vn -0.65541 0.00000 0.75528
vn -0.57458 0.48107 0.66214
vn -0.25900 0.91860 0.29847
vn 0.25900 0.91860 -0.29847
vn 0.57458 0.48107 -0.66214
vn 0.65541 0.00000 -0.75528
vn 0.57458 -0.48107 -0.66214
vn 0.25900 -0.91860 -0.29847
vn -0.25900 -0.91860 0.29847
vn -0.57458 -0.48107 0.66214
vn -0.78013 0.00000 0.62562
vn -0.71021 0.41380 0.56954
vn -0.35957 0.88745 0.28835
vn 0.35957 0.88745 -0.28835
vn 0.71021 0.41380 -0.56954
vn 0.78013 0.00000 -0.62562
vn 0.71021 -0.41380 -0.56954
vn 0.35957 -0.88745 -0.28835
vn -0.35957 -0.88745 0.28835
vn -0.71021 -0.41380 0.56954
vn -0.84245 0.00000 0.53877
vn -0.78449 0.36451 0.50170
vn -0.43507 0.85633 0.27824
vn 0.43507 0.85633 -0.27824
vn 0.78449 0.36451 -0.50170
vn 0.84245 0.00000 -0.53877
vn 0.78449 -0.36451 -0.50170
vn 0.43507 -0.85633 -0.27824
vn -0.43507 -0.85633 0.27824
vn -0.78449 -0.36451 0.50170
vn -0.87438 0.00000 0.48524
vn -0.82463 0.33249 0.45764
vn -0.48649 0.83092 0.26998
vn 0.48649 0.83092 -0.26998
vn 0.82463 0.33249 -0.45764
vn 0.87438 0.00000 -0.48524
vn 0.82463 -0.33249 -0.45764
vn 0.48649 -0.83092 -0.26998
vn -0.48649 -0.83092 0.26998
vn -0.82463 -0.33249 0.45764
vn -0.88980 0.00000 0.45634
vn -0.84459 0.31471 0.43316
vn -0.51609 0.81461 0.26468
vn 0.51609 0.81461 -0.26468
vn 0.84459 0.31471 -0.43316
vn 0.88980 0.00000 -0.45634
vn 0.84459 -0.31471 -0.43316
vn 0.51609 -0.81461 -0.26468
vn -0.51609 -0.81461 0.26468
vn -0.84459 -0.31471 0.43316
vn -0.89443 0.00000 0.44721
vn -0.85065 0.30902 0.42533
vn -0.52573 0.80902 0.26287
vn 0.52573 0.80902 -0.26287
vn 0.85065 0.30902 -0.42533
vn 0.89443 0.00000 -0.44721
vn 0.85065 -0.30902 -0.42533
vn 0.52573 -0.80902 -0.26287
vn -0.52573 -0.80902 0.26287
vn -0.85065 -0.30902 0.42533
vn -0.88980 0.00000 0.45634
vn -0.84459 0.31471 0.43316
vn -0.51609 0.81461 0.26468
vn 0.51609 0.81461 -0.26468
vn 0.84459 0.31471 -0.43316
vn 0.88980 0.00000 -0.45634
vn 0.84459 -0.31471 -0.43316
vn 0.51609 -0.81461 -0.26468
vn -0.51609 -0.81461 0.26468
vn -0.84459 -0.31471 0.43316
vn -0.87438 0.00000 0.48524
vn -0.82463 0.33249 0.45764
vn -0.48649 0.83092 0.26998
vn 0.48649 0.83092 -0.26998
vn 0.82463 0.33249 -0.45764
vn 0.87438 0.00000 -0.48524
vn 0.82463 -0.33249 -0.45764
vn 0.48649 -0.83092 -0.26998
vn -0.48649 -0.83092 0.26998
vn -0.82463 -0.33249 0.45764
vn -0.84245 0.00000 0.53877
vn -0.78449 0.36451 0.50170
vn -0.43507 0.85633 0.27824
vn 0.43507 0.85633 -0.27824
vn 0.78449 0.36451 -0.50170
vn 0.84245 0.00000 -0.53877
vn 0.78449 -0.36451 -0.50170
vn 0.43507 -0.85633 -0.27824
vn -0.43507 -0.85633 0.27824
vn -0.78449 -0.36451 0.50170
vn -0.78013 0.00000 0.62562
vn -0.71021 0.41380 0.56954
vn -0.35957 0.88745 0.28835
vn 0.35957 0.88745 -0.28835
vn 0.71021 0.41380 -0.56954
vn 0.78013 0.00000 -0.62562
vn 0.71021 -0.41380 -0.56954
vn 0.35957 -0.88745 -0.28835
vn -0.35957 -0.88745 0.28835
vn -0.71021 -0.41380 0.56954
vn -0.65541 0.00000 0.75528
vn -0.57458 0.48107 0.66214
vn -0.25900 0.91860 0.29847
vn 0.25900 0.91860 -0.29847
vn 0.57458 0.48107 -0.66214
vn 0.65541 0.00000 -0.75528
vn 0.57458 -0.48107 -0.66214
vn 0.25900 -0.91860 -0.29847
vn -0.25900 -0.91860 0.29847
vn -0.57458 -0.48107 0.66214
vn -0.40659 0.00000 0.91361
vn -0.33876 0.55303 0.76118
vn -0.13624 0.94219 0.30614
vn 0.13624 0.94219 -0.30614
vn 0.33876 0.55303 -0.76118
vn 0.40659 0.00000 -0.91361
vn 0.33876 -0.55303 -0.76118
vn 0.13624 -0.94219 -0.30614
vn -0.13624 -0.94219 0.30614
vn -0.33876 -0.55303 0.76118
vn -0.00000 0.00000 1.00000
vn -0.00000 0.58779 0.80902
vn -0.00000 0.95106 0.30902
vn 0.00000 0.95106 -0.30902
vn 0.00000 0.58779 -0.80902
vn 0.00000 0.00000 -1.00000
vn 0.00000 -0.58779 -0.80902
vn 0.00000 -0.95106 -0.30902
vn -0.00000 -0.95106 0.30902
vn -0.00000 -0.58779 0.80902
vn 0.00000 -1.00000 0.00000
vn 0.00000 -1.00000 0.00000
vn 0.00000 -1.00000 0.00000
vn 0.00000 -1.00000 0.00000
vn 0.00000 -1.00000 0.00000
vn 0.00000 -1.00000 0.00000
vn 0.00000 -1.00000 0.00000
vn 0.00000 -1.00000 0.00000
vn 0.00000 -1.00000 0.00000
vn -0.00000 -1.00000 0.00000
vn -0.00000 -1.00000 0.00000
vn -0.00000 -1.00000 0.00000
vn -0.00000 -1.00000 0.00000
vn -0.00000 -1.00000 0.00000
vn -0.00000 -1.00000 0.00000
vn -0.00000 -1.00000 0.00000
vn -0.00000 -1.00000 0.00000
vn -0.00000 -1.00000 -0.00000
vn -0.00000 -1.00000 -0.00000
vn -0.00000 -1.00000 -0.00000
vn -0.00000 -1.00000 -0.00000
vn -0.00000 -1.00000 -0.00000
vn -0.00000 -1.00000 -0.00000
vn -0.00000 -1.00000 -0.00000
vn -0.00000 -1.00000 -0.00000
vn 0.00000 -1.00000 -0.00000
vn 0.00000 -1.00000 -0.00000
vn 0.00000 -1.00000 -0.00000
vn 0.00000 -1.00000 -0.00000
vn 0.00000 -1.00000 -0.00000
vn 0.00000 -1.00000 -0.00000
vn 0.00000 -1.00000 -0.00000
vn 0.13757 -0.99049 0.00000
vn 0.13493 -0.99049 0.02684
vn 0.12710 -0.99049 0.05265
vn 0.11438 -0.99049 0.07643
vn 0.09728 -0.99049 0.09728
vn 0.07643 -0.99049 0.11438
vn 0.05265 -0.99049 0.12710
vn 0.02684 -0.99049 0.13493
vn 0.00000 -0.99049 0.13757
vn -0.02684 -0.99049 0.13493
vn -0.05265 -0.99049 0.12710
vn -0.07643 -0.99049 0.11438
vn -0.09728 -0.99049 0.09728
vn -0.11438 -0.99049 0.07643
vn -0.12710 -0.99049 0.05265
vn -0.13493 -0.99049 0.02684
vn -0.13757 -0.99049 0.00000
vn -0.13493 -0.99049 -0.02684
vn -0.12710 -0.99049 -0.05265
vn -0.11438 -0.99049 -0.07643
vn -0.09728 -0.99049 -0.09728
vn -0.07643 -0.99049 -0.11438
vn -0.05265 -0.99049 -0.12710
vn -0.02684 -0.99049 -0.13493
vn -0.00000 -0.99049 -0.13757
vn 0.02684 -0.99049 -0.13493
vn 0.05265 -0.99049 -0.12710
vn 0.07643 -0.99049 -0.11438
vn 0.09728 -0.99049 -0.09728
vn 0.11438 -0.99049 -0.07643
vn 0.12710 -0.99049 -0.05265
vn 0.13493 -0.99049 -0.02684
vn 0.98058 0.19612 0.00000
vn 0.96174 0.19612 0.19130
vn 0.90594 0.19612 0.37525
vn 0.81532 0.19612 0.54478
vn 0.69338 0.19612 0.69338
vn 0.54478 0.19612 0.81532
vn 0.37525 0.19612 0.90594
vn 0.19130 0.19612 0.96174
vn 0.00000 0.19612 0.98058
vn -0.19130 0.19612 0.96174
vn -0.37525 0.19612 0.90594
vn -0.54478 0.19612 0.81532
vn -0.69338 0.19612 0.69338
vn -0.81532 0.19612 0.54478
vn -0.90594 0.19612 0.37525
vn -0.96174 0.19612 0.19130
vn -0.98058 0.19612 0.00000
vn -0.96174 0.19612 -0.19130
vn -0.90594 0.19612 -0.37525
vn -0.81532 0.19612 -0.54478
vn -0.69338 0.19612 -0.69338
vn -0.54478 0.19612 -0.81532
vn -0.37525 0.19612 -0.90594
vn -0.19130 0.19612 -0.96174
vn -0.00000 0.19612 -0.98058
vn 0.19130 0.19612 -0.96174
vn 0.37525 0.19612 -0.90594
vn 0.54478 0.19612 -0.81532
vn 0.69338 0.19612 -0.69338
vn 0.81532 0.19612 -0.54478
vn 0.90594 0.19612 -0.37525
vn 0.96174 0.19612 -0.19130
vn 0.42993 0.90286 0.00000
vn 0.42167 0.90286 0.08388
vn 0.39721 0.90286 0.16453
vn 0.35748 0.90286 0.23886
vn 0.30401 0.90286 0.30401
vn 0.23886 0.90286 0.35748
vn 0.16453 0.90286 0.39721
vn 0.08388 0.90286 0.42167
vn 0.00000 0.90286 0.42993
vn -0.08388 0.90286 0.42167
vn -0.16453 0.90286 0.39721
vn -0.23886 0.90286 0.35748
vn -0.30401 0.90286 0.30401
vn -0.35748 0.90286 0.23886
vn -0.39721 0.90286 0.16453
vn -0.42167 0.90286 0.08388
vn -0.42993 0.90286 0.00000
vn -0.42167 0.90286 -0.08388
vn -0.39721 0.90286 -0.16453
vn -0.35748 0.90286 -0.23886
vn -0.30401 0.90286 -0.30401
vn -0.23886 0.90286 -0.35748
vn -0.16453 0.90286 -0.39721
vn -0.08388 0.90286 -0.42167
vn -0.00000 0.90286 -0.42993
vn 0.08388 0.90286 -0.42167
vn 0.16453 0.90286 -0.39721
vn 0.23886 0.90286 -0.35748
vn 0.30401 0.90286 -0.30401
vn 0.35748 0.90286 -0.23886
vn 0.39721 0.90286 -0.16453
vn 0.42167 0.90286 -0.08388
vn 0.48564 0.87416 0.00000
vn 0.47631 0.87416 0.09474
vn 0.44868 0.87416 0.18585
vn 0.40380 0.87416 0.26981
vn 0.34340 0.87416 0.34340
vn 0.26981 0.87416 0.40380
vn 0.18585 0.87416 0.44868
vn 0.09474 0.87416 0.47631
vn 0.00000 0.87416 0.48564
vn -0.09474 0.87416 0.47631
vn -0.18585 0.87416 0.44868
vn -0.26981 0.87416 0.40380
vn -0.34340 0.87416 0.34340
vn -0.40380 0.87416 0.26981
vn -0.44868 0.87416 0.18585
vn -0.47631 0.87416 0.09474
vn -0.48564 0.87416 0.00000
vn -0.47631 0.87416 -0.09474
vn -0.44868 0.87416 -0.18585
vn -0.40380 0.87416 -0.26981
vn -0.34340 0.87416 -0.34340
vn -0.26981 0.87416 -0.40380
vn -0.18585 0.87416 -0.44868
vn -0.09474 0.87416 -0.47631
vn -0.00000 0.87416 -0.48564
vn 0.09474 0.87416 -0.47631
vn 0.18585 0.87416 -0.44868
vn 0.26981 0.87416 -0.40380
vn 0.34340 0.87416 -0.34340
vn 0.40380 0.87416 -0.26981
vn 0.44868 0.87416 -0.18585
vn 0.47631 0.87416 -0.09474
vn 0.31623 0.94868 0.00000
vn 0.31015 0.94868 0.06169
vn 0.29216 0.94868 0.12102
vn 0.26293 0.94868 0.17569
vn 0.22361 0.94868 0.22361
vn 0.17569 0.94868 0.26293
vn 0.12102 0.94868 0.29216
vn 0.06169 0.94868 0.31015
vn 0.00000 0.94868 0.31623
vn -0.06169 0.94868 0.31015
vn -0.12102 0.94868 0.29216
vn -0.17569 0.94868 0.26293
vn -0.22361 0.94868 0.22361
vn -0.26293 0.94868 0.17569
vn -0.29216 0.94868 0.12102
vn -0.31015 0.94868 0.06169
vn -0.31623 0.94868 0.00000
vn -0.31015 0.94868 -0.06169
vn -0.29216 0.94868 -0.12102
vn -0.26293 0.94868 -0.17569
vn -0.22361 0.94868 -0.22361
vn -0.17569 0.94868 -0.26293
vn -0.12102 0.94868 -0.29216
vn -0.06169 0.94868 -0.31015
vn -0.00000 0.94868 -0.31623
vn 0.06169 0.94868 -0.31015
vn 0.12102 0.94868 -0.29216
vn 0.17569 0.94868 -0.26293
vn 0.22361 0.94868 -0.22361
vn 0.26293 0.94868 -0.17569
vn 0.29216 0.94868 -0.12102
vn 0.31015 0.94868 -0.06169
vn 0.00000 1.00000 0.00000
vn 0.00000 1.00000 0.00000
vn 0.00000 1.00000 0.00000
vn 0.00000 1.00000 0.00000
vn 0.00000 1.00000 0.00000
vn 0.00000 1.00000 0.00000
vn 0.00000 1.00000 0.00000
vn 0.00000 1.00000 0.00000
vn 0.00000 1.00000 0.00000
vn -0.00000 1.00000 0.00000
vn -0.00000 1.00000 0.00000
vn -0.00000 1.00000 0.00000
vn -0.00000 1.00000 0.00000
vn -0.00000 1.00000 0.00000
vn -0.00000 1.00000 0.00000
vn -0.00000 1.00000 0.00000
vn -0.00000 1.00000 0.00000
vn -0.00000 1.00000 -0.00000
vn -0.00000 1.00000 -0.00000
vn -0.00000 1.00000 -0.00000
vn -0.00000 1.00000 -0.00000
vn -0.00000 1.00000 -0.00000
vn -0.00000 1.00000 -0.00000
vn -0.00000 1.00000 -0.00000
vn -0.00000 1.00000 -0.00000
vn 0.00000 1.00000 -0.00000
vn 0.00000 1.00000 -0.00000
vn 0.00000 1.00000 -0.00000
vn 0.00000 1.00000 -0.00000
vn 0.00000 1.00000 -0.00000
vn 0.00000 1.00000 -0.00000
vn 0.00000 1.00000 -0.00000

vt 0.00000 0.00000
vt 0.03125 0.00000
vt 0.06250 0.00000
vt 0.09375 0.00000
vt 0.12500 0.00000
vt 0.15625 0.00000
vt 0.18750 0.00000
vt 0.21875 0.00000
vt 0.25000 0.00000
vt 0.28125 0.00000
vt 0.31250 0.00000
vt 0.34375 0.00000
vt 0.37500 0.00000
vt 0.40625 0.00000
vt 0.43750 0.00000
vt 0.46875 0.00000
vt 0.50000 0.00000
vt 0.53125 0.00000
vt 0.56250 0.00000
vt 0.59375 0.00000
vt 0.62500 0.00000
vt 0.65625 0.00000
vt 0.68750 0.00000
vt 0.71875 0.00000
vt 0.75000 0.00000
vt 0.78125 0.00000
vt 0.81250 0.00000
vt 0.84375 0.00000
vt 0.87500 0.00000
vt 0.90625 0.00000
vt 0.93750 0.00000
vt 0.96875 0.00000
vt 0.00000 0.09091
vt 0.03125 0.09091
vt 0.06250 0.09091
vt 0.09375 0.09091
vt 0.12500 0.09091
vt 0.15625 0.09091
vt 0.18750 0.09091
vt 0.21875 0.09091
vt 0.25000 0.09091
vt 0.28125 0.09091
vt 0.31250 0.09091
vt 0.34375 0.09091
vt 0.37500 0.09091
vt 0.40625 0.09091
vt 0.43750 0.09091
vt 0.46875 0.09091
vt 0.50000 0.09091
vt 0.53125 0.09091
vt 0.56250 0.09091
vt 0.59375 0.09091
vt 0.62500 0.09091
vt 0.65625 0.09091
vt 0.68750 0.09091
vt 0.71875 0.09091
vt 0.75000 0.09091
vt 0.78125 0.09091
vt 0.81250 0.09091
vt 0.84375 0.09091
vt 0.87500 0.09091
vt 0.90625 0.09091
vt 0.93750 0.09091
vt 0.96875 0.09091
vt 0.00000 0.18182
vt 0.03125 0.18182
vt 0.06250 0.18182
vt 0.09375 0.18182
vt 0.12500 0.18182
vt 0.15625 0.18182
vt 0.18750 0.18182
vt 0.21875 0.18182
vt 0.25000 0.18182
vt 0.28125 0.18182
vt 0.31250 0.18182
vt 0.34375 0.18182
vt 0.37500 0.18182
vt 0.40625 0.18182
vt 0.43750 0.18182
vt 0.46875 0.18182
vt 0.50000 0.18182
vt 0.53125 0.18182
vt 0.56250 0.18182
vt 0.59375 0.18182
vt 0.62500 0.18182
vt 0.65625 0.18182
vt 0.68750 0.18182
vt 0.71875 0.18182
vt 0.75000 0.18182
vt 0.78125 0.18182
vt 0.81250 0.18182
vt 0.84375 0.18182
vt 0.87500 0.18182
vt 0.90625 0.18182
vt 0.93750 0.18182
vt 0.96875 0.18182
vt 0.00000 0.27273
vt 0.03125 0.27273
vt 0.06250 0.27273
vt 0.09375 0.27273
vt 0.12500 0.27273
vt 0.15625 0.27273
vt 0.18750 0.27273
vt 0.21875 0.27273
vt 0.25000 0.27273
vt 0.28125 0.27273
vt 0.31250 0.27273
vt 0.34375 0.27273
vt 0.37500 0.27273
vt 0.40625 0.27273
vt 0.43750 0.27273
vt 0.46875 0.27273
vt 0.50000 0.27273
vt 0.53125 0.27273
vt 0.56250 0.27273
vt 0.59375 0.27273
vt 0.62500 0.27273
vt 0.65625 0.27273
vt 0.68750 0.27273
vt 0.71875 0.27273
vt 0.75000 0.27273
vt 0.78125 0.27273
vt 0.81250 0.27273
vt 0.84375 0.27273
vt 0.87500 0.27273
vt 0.90625 0.27273
vt 0.93750 0.27273
vt 0.96875 0.27273
vt 0.00000 0.36364
vt 0.03125 0.36364
vt 0.06250 0.36364
vt 0.09375 0.36364
vt 0.12500 0.36364
vt 0.15625 0.36364
vt 0.18750 0.36364
vt 0.21875 0.36364
vt 0.25000 0.36364
vt 0.28125 0.36364
vt 0.31250 0.36364
vt 0.34375 0.36364
vt 0.37500 0.36364
vt 0.40625 0.36364
vt 0.43750 0.36364
vt 0.46875 0.36364
vt 0.50000 0.36364
vt 0.53125 0.36364
vt 0.56250 0.36364
vt 0.59375 0.36364
vt 0.62500 0.36364
vt 0.65625 0.36364
vt 0.68750 0.36364
vt 0.71875 0.36364
vt 0.75000 0.36364
vt 0.78125 0.36364
vt 0.81250 0.36364
vt 0.84375 0.36364
vt 0.87500 0.36364
vt 0.90625 0.36364
vt 0.93750 0.36364
vt 0.96875 0.36364
vt 0.00000 0.45455
vt 0.03125 0.45455
vt 0.06250 0.45455
vt 0.09375 0.45455
vt 0.12500 0.45455
vt 0.15625 0.45455
vt 0.18750 0.45455
vt 0.21875 0.45455
vt 0.25000 0.45455
vt 0.28125 0.45455
vt 0.31250 0.45455
vt 0.34375 0.45455
vt 0.37500 0.45455
vt 0.40625 0.45455
vt 0.43750 0.45455
vt 0.46875 0.45455
vt 0.50000 0.45455
vt 0.53125 0.45455
vt 0.56250 0.45455
vt 0.59375 0.45455
vt 0.62500 0.45455
vt 0.65625 0.45455
vt 0.68750 0.45455
vt 0.71875 0.45455
vt 0.75000 0.45455
vt 0.78125 0.45455
vt 0.81250 0.45455
vt 0.84375 0.45455
vt 0.87500 0.45455
vt 0.90625 0.45455
vt 0.93750 0.45455
vt 0.96875 0.45455
vt 0.00000 0.54545
vt 0.03125 0.54545
vt 0.06250 0.54545
vt 0.09375 0.54545
vt 0.12500 0.54545
vt 0.15625 0.54545
vt 0.18750 0.54545
vt 0.21875 0.54545
vt 0.25000 0.54545
vt 0.28125 0.54545
vt 0.31250 0.54545
vt 0.34375 0.54545
vt 0.37500 0.54545
vt 0.40625 0.54545
vt 0.43750 0.54545
vt 0.46875 0.54545
vt 0.50000 0.54545
vt 0.53125 0.54545
vt 0.56250 0.54545
vt 0.59375 0.54545
vt 0.62500 0.54545
vt 0.65625 0.54545
vt 0.68750 0.54545
vt 0.71875 0.54545
vt 0.75000 0.54545
vt 0.78125 0.54545
vt 0.81250 0.54545
vt 0.84375 0.54545
vt 0.87500 0.54545
vt 0.90625 0.54545
vt 0.93750 0.54545
vt 0.96875 0.54545
vt 0.00000 0.63636
vt 0.03125 0.63636
vt 0.06250 0.63636
vt 0.09375 0.63636
vt 0.12500 0.63636
vt 0.15625 0.63636
vt 0.18750 0.63636
vt 0.21875 0.63636
vt 0.25000 0.63636
vt 0.28125 0.63636
vt 0.31250 0.63636
vt 0.34375 0.63636
vt 0.37500 0.63636
vt 0.40625 0.63636
vt 0.43750 0.63636
vt 0.46875 0.63636
vt 0.50000 0.63636
vt 0.53125 0.63636
vt 0.56250 0.63636
vt 0.59375 0.63636
vt 0.62500 0.63636
vt 0.65625 0.63636
vt 0.68750 0.63636
vt 0.71875 0.63636
vt 0.75000 0.63636
vt 0.78125 0.63636
vt 0.81250 0.63636
vt 0.84375 0.63636
vt 0.87500 0.63636
vt 0.90625 0.63636
vt 0.93750 0.63636
vt 0.96875 0.63636
vt 0.00000 0.72727
vt 0.03125 0.72727
vt 0.06250 0.72727
vt 0.09375 0.72727
vt 0.12500 0.72727
vt 0.15625 0.72727
vt 0.18750 0.72727
vt 0.21875 0.72727
vt 0.25000 0.72727
vt 0.28125 0.72727
vt 0.31250 0.72727
vt 0.34375 0.72727
vt 0.37500 0.72727
vt 0.40625 0.72727
vt 0.43750 0.72727
vt 0.46875 0.72727
vt 0.50000 0.72727
vt 0.53125 0.72727
vt 0.56250 0.72727
vt 0.59375 0.72727
vt 0.62500 0.72727
vt 0.65625 0.72727
vt 0.68750 0.72727
vt 0.71875 0.72727
vt 0.75000 0.72727
vt 0.78125 0.72727
vt 0.81250 0.72727
vt 0.84375 0.72727
vt 0.87500 0.72727
vt 0.90625 0.72727
vt 0.93750 0.72727
vt 0.96875 0.72727
vt 0.00000 0.81818
vt 0.03125 0.81818
vt 0.06250 0.81818
vt 0.09375 0.81818
vt 0.12500 0.81818
vt 0.15625 0.81818
vt 0.18750 0.81818
vt 0.21875 0.81818
vt 0.25000 0.81818
vt 0.28125 0.81818
vt 0.31250 0.81818
vt 0.34375 0.81818
vt 0.37500 0.81818
vt 0.40625 0.81818
vt 0.43750 0.81818
vt 0.46875 0.81818
vt 0.50000 0.81818
vt 0.53125 0.81818
vt 0.56250 0.81818
vt 0.59375 0.81818
vt 0.62500 0.81818
vt 0.65625 0.81818
vt 0.68750 0.81818
vt 0.71875 0.81818
vt 0.75000 0.81818
vt 0.78125 0.81818
vt 0.81250 0.81818
vt 0.84375 0.81818
vt 0.87500 0.81818
vt 0.90625 0.81818
vt 0.93750 0.81818
vt 0.96875 0.81818
vt 0.00000 0.90909
vt 0.03125 0.90909
vt 0.06250 0.90909
vt 0.09375 0.90909
vt 0.12500 0.90909
vt 0.15625 0.90909
vt 0.18750 0.90909
vt 0.21875 0.90909
vt 0.25000 0.90909
vt 0.28125 0.90909
vt 0.31250 0.90909
vt 0.34375 0.90909
vt 0.37500 0.90909
vt 0.40625 0.90909
vt 0.43750 0.90909
vt 0.46875 0.90909
vt 0.50000 0.90909
vt 0.53125 0.90909
vt 0.56250 0.90909
vt 0.59375 0.90909
vt 0.62500 0.90909
vt 0.65625 0.90909
vt 0.68750 0.90909
vt 0.71875 0.90909
vt 0.75000 0.90909
vt 0.78125 0.90909
vt 0.81250 0.90909
vt 0.84375 0.90909
vt 0.87500 0.90909
vt 0.90625 0.90909
vt 0.93750 0.90909
vt 0.96875 0.90909
vt 0.00000 1.00000
vt 0.03125 1.00000
vt 0.06250 1.00000
vt 0.09375 1.00000
vt 0.12500 1.00000
vt 0.15625 1.00000
vt 0.18750 1.00000
vt 0.21875 1.00000
vt 0.25000 1.00000
vt 0.28125 1.00000
vt 0.31250 1.00000
vt 0.34375 1.00000
vt 0.37500 1.00000
vt 0.40625 1.00000
vt 0.43750 1.00000
vt 0.46875 1.00000
vt 0.50000 1.00000
vt 0.53125 1.00000
vt 0.56250 1.00000
vt 0.59375 1.00000
vt 0.62500 1.00000
vt 0.65625 1.00000
vt 0.68750 1.00000
vt 0.71875 1.00000
vt 0.75000 1.00000
vt 0.78125 1.00000
vt 0.81250 1.00000
vt 0.84375 1.00000
vt 0.87500 1.00000
vt 0.90625 1.00000
vt 0.93750 1.00000
vt 0.96875 1.00000
vt 0.00000 0.00000
vt 0.06250 0.00000
vt 0.12500 0.00000
vt 0.18750 0.00000
vt 0.25000 0.00000
vt 0.31250 0.00000
vt 0.37500 0.00000
vt 0.43750 0.00000
vt 0.50000 0.00000
vt 0.56250 0.00000
vt 0.62500 0.00000
vt 0.68750 0.00000
vt 0.75000 0.00000
vt 0.81250 0.00000
vt 0.87500 0.00000
vt 0.93750 0.00000
vt 0.00000 0.16667
vt 0.06250 0.16667
vt 0.12500 0.16667
vt 0.18750 0.16667
vt 0.25000 0.16667
vt 0.31250 0.16667
vt 0.37500 0.16667
vt 0.43750 0.16667
vt 0.50000 0.16667
vt 0.56250 0.16667
vt 0.62500 0.16667
vt 0.68750 0.16667
vt 0.75000 0.16667
vt 0.81250 0.16667
vt 0.87500 0.16667
vt 0.93750 0.16667
vt 0.00000 0.33333
vt 0.06250 0.33333
vt 0.12500 0.33333
vt 0.18750 0.33333
vt 0.25000 0.33333
vt 0.31250 0.33333
vt 0.37500 0.33333
vt 0.43750 0.33333
vt 0.50000 0.33333
vt 0.56250 0.33333
vt 0.62500 0.33333
vt 0.68750 0.33333
vt 0.75000 0.33333
vt 0.81250 0.33333
vt 0.87500 0.33333
vt 0.93750 0.33333
vt 0.00000 0.50000
vt 0.06250 0.50000
vt 0.12500 0.50000
vt 0.18750 0.50000
vt 0.25000 0.50000
vt 0.31250 0.50000
vt 0.37500 0.50000
vt 0.43750 0.50000
vt 0.50000 0.50000
vt 0.56250 0.50000
vt 0.62500 0.50000
vt 0.68750 0.50000
vt 0.75000 0.50000
vt 0.81250 0.50000
vt 0.87500 0.50000
vt 0.93750 0.50000
vt 0.00000 0.66667
vt 0.06250 0.66667
vt 0.12500 0.66667
vt 0.18750 0.66667
vt 0.25000 0.66667
vt 0.31250 0.66667
vt 0.37500 0.66667
vt 0.43750 0.66667
vt 0.50000 0.66667
vt 0.56250 0.66667
vt 0.62500 0.66667
vt 0.68750 0.66667
vt 0.75000 0.66667
vt 0.81250 0.66667
vt 0.87500 0.66667
vt 0.93750 0.66667
vt 0.00000 0.83333
vt 0.06250 0.83333
vt 0.12500 0.83333
vt 0.18750 0.83333
vt 0.25000 0.83333
vt 0.31250 0.83333
vt 0.37500 0.83333
vt 0.43750 0.83333
vt 0.50000 0.83333
vt 0.56250 0.83333
vt 0.62500 0.83333
vt 0.68750 0.83333
vt 0.75000 0.83333
vt 0.81250 0.83333
vt 0.87500 0.83333
vt 0.93750 0.83333
vt 0.00000 0.00000
vt 0.10000 0.00000
vt 0.20000 0.00000
vt 0.30000 0.00000
vt 0.40000 0.00000
vt 0.50000 0.00000
vt 0.60000 0.00000
vt 0.70000 0.00000
vt 0.80000 0.00000
vt 0.90000 0.00000
vt 0.00000 0.07143
vt 0.10000 0.07143
vt 0.20000 0.07143
vt 0.30000 0.07143
vt 0.40000 0.07143
vt 0.50000 0.07143
vt 0.60000 0.07143
vt 0.70000 0.07143
vt 0.80000 0.07143
vt 0.90000 0.07143
vt 0.00000 0.14286
vt 0.10000 0.14286
vt 0.20000 0.14286
vt 0.30000 0.14286
vt 0.40000 0.14286
vt 0.50000 0.14286
vt 0.60000 0.14286
vt 0.70000 0.14286
vt 0.80000 0.14286
vt 0.90000 0.14286
vt 0.00000 0.21429
vt 0.10000 0.21429
vt 0.20000 0.21429
vt 0.30000 0.21429
vt 0.40000 0.21429
vt 0.50000 0.21429
vt 0.60000 0.21429
vt 0.70000 0.21429
vt 0.80000 0.21429
vt 0.90000 0.21429
vt 0.00000 0.28571
vt 0.10000 0.28571
vt 0.20000 0.28571
vt 0.30000 0.28571
vt 0.40000 0.28571
vt 0.50000 0.28571
vt 0.60000 0.28571
vt 0.70000 0.28571
vt 0.80000 0.28571
vt 0.90000 0.28571
vt 0.00000 0.35714
vt 0.10000 0.35714
vt 0.20000 0.35714
vt 0.30000 0.35714
vt 0.40000 0.35714
vt 0.50000 0.35714
vt 0.60000 0.35714
vt 0.70000 0.35714
vt 0.80000 0.35714
vt 0.90000 0.35714
vt 0.00000 0.42857
vt 0.10000 0.42857
vt 0.20000 0.42857
vt 0.30000 0.42857
vt 0.40000 0.42857
vt 0.50000 0.42857
vt 0.60000 0.42857
vt 0.70000 0.42857
vt 0.80000 0.42857
vt 0.90000 0.42857
vt 0.00000 0.50000
vt 0.10000 0.50000
vt 0.20000 0.50000
vt 0.30000 0.50000
vt 0.40000 0.50000
vt 0.50000 0.50000
vt 0.60000 0.50000
vt 0.70000 0.50000
vt 0.80000 0.50000
vt 0.90000 0.50000
vt 0.00000 0.57143
vt 0.10000 0.57143
vt 0.20000 0.57143
vt 0.30000 0.57143
vt 0.40000 0.57143
vt 0.50000 0.57143
vt 0.60000 0.57143
vt 0.70000 0.57143
vt 0.80000 0.57143
vt 0.90000 0.57143
vt 0.00000 0.64286
vt 0.10000 0.64286
vt 0.20000 0.64286
vt 0.30000 0.64286
vt 0.40000 0.64286
vt 0.50000 0.64286
vt 0.60000 0.64286
vt 0.70000 0.64286
vt 0.80000 0.64286
vt 0.90000 0.64286
vt 0.00000 0.71429
vt 0.10000 0.71429
vt 0.20000 0.71429
vt 0.30000 0.71429
vt 0.40000 0.71429
vt 0.50000 0.71429
vt 0.60000 0.71429
vt 0.70000 0.71429
vt 0.80000 0.71429
vt 0.90000 0.71429
vt 0.00000 0.78571
vt 0.10000 0.78571
vt 0.20000 0.78571
vt 0.30000 0.78571
vt 0.40000 0.78571
vt 0.50000 0.78571
vt 0.60000 0.78571
vt 0.70000 0.78571
vt 0.80000 0.78571
vt 0.90000 0.78571
vt 0.00000 0.85714
vt 0.10000 0.85714
vt 0.20000 0.85714
vt 0.30000 0.85714
vt 0.40000 0.85714
vt 0.50000 0.85714
vt 0.60000 0.85714
vt 0.70000 0.85714
vt 0.80000 0.85714
vt 0.90000 0.85714
vt 0.00000 0.92857
vt 0.10000 0.92857
vt 0.20000 0.92857
vt 0.30000 0.92857
vt 0.40000 0.92857
vt 0.50000 0.92857
vt 0.60000 0.92857
vt 0.70000 0.92857
vt 0.80000 0.92857
vt 0.90000 0.92857
vt 0.00000 1.00000
vt 0.10000 1.00000
vt 0.20000 1.00000
vt 0.30000 1.00000
vt 0.40000 1.00000
vt 0.50000 1.00000
vt 0.60000 1.00000
vt 0.70000 1.00000
vt 0.80000 1.00000
vt 0.90000 1.00000
vt 0.00000 0.00000
vt 0.03125 0.00000
vt 0.06250 0.00000
vt 0.09375 0.00000
vt 0.12500 0.00000
vt 0.15625 0.00000
vt 0.18750 0.00000
vt 0.21875 0.00000
vt 0.25000 0.00000
vt 0.28125 0.00000
vt 0.31250 0.00000
vt 0.34375 0.00000
vt 0.37500 0.00000
vt 0.40625 0.00000
vt 0.43750 0.00000
vt 0.46875 0.00000
vt 0.50000 0.00000
vt 0.53125 0.00000
vt 0.56250 0.00000
vt 0.59375 0.00000
vt 0.62500 0.00000
vt 0.65625 0.00000
vt 0.68750 0.00000
vt 0.71875 0.00000
vt 0.75000 0.00000
vt 0.78125 0.00000
vt 0.81250 0.00000
vt 0.84375 0.00000
vt 0.87500 0.00000
vt 0.90625 0.00000
vt 0.93750 0.00000
vt 0.96875 0.00000
vt 0.00000 0.16667
vt 0.03125 0.16667
vt 0.06250 0.16667
vt 0.09375 0.16667
vt 0.12500 0.16667
vt 0.15625 0.16667
vt 0.18750 0.16667
vt 0.21875 0.16667
vt 0.25000 0.16667
vt 0.28125 0.16667
vt 0.31250 0.16667
vt 0.34375 0.16667
vt 0.37500 0.16667
vt 0.40625 0.16667
vt 0.43750 0.16667
vt 0.46875 0.16667
vt 0.50000 0.16667
vt 0.53125 0.16667
vt 0.56250 0.16667
vt 0.59375 0.16667
vt 0.62500 0.16667
vt 0.65625 0.16667
vt 0.68750 0.16667
vt 0.71875 0.16667
vt 0.75000 0.16667
vt 0.78125 0.16667
vt 0.81250 0.16667
vt 0.84375 0.16667
vt 0.87500 0.16667
vt 0.90625 0.16667
vt 0.93750 0.16667
vt 0.96875 0.16667
vt 0.00000 0.33333
vt 0.03125 0.33333
vt 0.06250 0.33333
vt 0.09375 0.33333
vt 0.12500 0.33333
vt 0.15625 0.33333
vt 0.18750 0.33333
vt 0.21875 0.33333
vt 0.25000 0.33333
vt 0.28125 0.33333
vt 0.31250 0.33333
vt 0.34375 0.33333
vt 0.37500 0.33333
vt 0.40625 0.33333
vt 0.43750 0.33333
vt 0.46875 0.33333
vt 0.50000 0.33333
vt 0.53125 0.33333
vt 0.56250 0.33333
vt 0.59375 0.33333
vt 0.62500 0.33333
vt 0.65625 0.33333
vt 0.68750 0.33333
vt 0.71875 0.33333
vt 0.75000 0.33333
vt 0.78125 0.33333
vt 0.81250 0.33333
vt 0.84375 0.33333
vt 0.87500 0.33333
vt 0.90625 0.33333
vt 0.93750 0.33333
vt 0.96875 0.33333
vt 0.00000 0.50000
vt 0.03125 0.50000
vt 0.06250 0.50000
vt 0.09375 0.50000
vt 0.12500 0.50000
vt 0.15625 0.50000
vt 0.18750 0.50000
vt 0.21875 0.50000
vt 0.25000 0.50000
vt 0.28125 0.50000
vt 0.31250 0.50000
vt 0.34375 0.50000
vt 0.37500 0.50000
vt 0.40625 0.50000
vt 0.43750 0.50000
vt 0.46875 0.50000
vt 0.50000 0.50000
vt 0.53125 0.50000
vt 0.56250 0.50000
vt 0.59375 0.50000
vt 0.62500 0.50000
vt 0.65625 0.50000
vt 0.68750 0.50000
vt 0.71875 0.50000
vt 0.75000 0.50000
vt 0.78125 0.50000
vt 0.81250 0.50000
vt 0.84375 0.50000
vt 0.87500 0.50000
vt 0.90625 0.50000
vt 0.93750 0.50000
vt 0.96875 0.50000
vt 0.00000 0.66667
vt 0.03125 0.66667
vt 0.06250 0.66667
vt 0.09375 0.66667
vt 0.12500 0.66667
vt 0.15625 0.66667
vt 0.18750 0.66667
vt 0.21875 0.66667
vt 0.25000 0.66667
vt 0.28125 0.66667
vt 0.31250 0.66667
vt 0.34375 0.66667
vt 0.37500 0.66667
vt 0.40625 0.66667
vt 0.43750 0.66667
vt 0.46875 0.66667
vt 0.50000 0.66667
vt 0.53125 0.66667
vt 0.56250 0.66667
vt 0.59375 0.66667
vt 0.62500 0.66667
vt 0.65625 0.66667
vt 0.68750 0.66667
vt 0.71875 0.66667
vt 0.75000 0.66667
vt 0.78125 0.66667
vt 0.81250 0.66667
vt 0.84375 0.66667
vt 0.87500 0.66667
vt 0.90625 0.66667
vt 0.93750 0.66667
vt 0.96875 0.66667
vt 0.00000 0.83333
vt 0.03125 0.83333
vt 0.06250 0.83333
vt 0.09375 0.83333
vt 0.12500 0.83333
vt 0.15625 0.83333
vt 0.18750 0.83333
vt 0.21875 0.83333
vt 0.25000 0.83333
vt 0.28125 0.83333
vt 0.31250 0.83333
vt 0.34375 0.83333
vt 0.37500 0.83333
vt 0.40625 0.83333
vt 0.43750 0.83333
vt 0.46875 0.83333
vt 0.50000 0.83333
vt 0.53125 0.83333
vt 0.56250 0.83333
vt 0.59375 0.83333
vt 0.62500 0.83333
vt 0.65625 0.83333
vt 0.68750 0.83333
vt 0.71875 0.83333
vt 0.75000 0.83333
vt 0.78125 0.83333
vt 0.81250 0.83333
vt 0.84375 0.83333
vt 0.87500 0.83333
vt 0.90625 0.83333
vt 0.93750 0.83333
vt 0.96875 0.83333
vt 0.00000 1.00000
vt 0.03125 1.00000
vt 0.06250 1.00000
vt 0.09375 1.00000
vt 0.12500 1.00000
vt 0.15625 1.00000
vt 0.18750 1.00000
vt 0.21875 1.00000
vt 0.25000 1.00000
vt 0.28125 1.00000
vt 0.31250 1.00000
vt 0.34375 1.00000
vt 0.37500 1.00000
vt 0.40625 1.00000
vt 0.43750 1.00000
vt 0.46875 1.00000
vt 0.50000 1.00000
vt 0.53125 1.00000
vt 0.56250 1.00000
vt 0.59375 1.00000
vt 0.62500 1.00000
vt 0.65625 1.00000
vt 0.68750 1.00000
vt 0.71875 1.00000
vt 0.75000 1.00000
vt 0.78125 1.00000
vt 0.81250 1.00000
vt 0.84375 1.00000
vt 0.87500 1.00000
vt 0.90625 1.00000
vt 0.93750 1.00000
vt 0.96875 1.00000

f 1/1/1 33/33/33 34/34/34
f 2/2/2 34/34/34 35/35/35
f 3/3/3 35/35/35 36/36/36
f 4/4/4 36/36/36 37/37/37
f 5/5/5 37/37/37 38/38/38
f 6/6/6 38/38/38 39/39/39
f 7/7/7 39/39/39 40/40/40
f 8/8/8 40/40/40 41/41/41
f 9/9/9 41/41/41 42/42/42
f 10/10/10 42/42/42 43/43/43
f 11/11/11 43/43/43 44/44/44
f 12/12/12 44/44/44 45/45/45
f 13/13/13 45/45/45 46/46/46
f 14/14/14 46/46/46 47/47/47
f 15/15/15 47/47/47 48/48/48
f 16/16/16 48/48/48 49/49/49
f 17/17/17 49/49/49 50/50/50
f 18/18/18 50/50/50 51/51/51
f 19/19/19 51/51/51 52/52/52
f 20/20/20 52/52/52 53/53/53
f 21/21/21 53/53/53 54/54/54
f 22/22/22 54/54/54 55/55/55
f 23/23/23 55/55/55 56/56/56
f 24/24/24 56/56/56 57/57/57
f 25/25/25 57/57/57 58/58/58
f 26/26/26 58/58/58 59/59/59
f 27/27/27 59/59/59 60/60/60
f 28/28/28 60/60/60 61/61/61
f 29/29/29 61/61/61 62/62/62
f 30/30/30 62/62/62 63/63/63
f 31/31/31 63/63/63 64/64/64
f 32/32/32 64/64/64 33/33/33
f 33/33/33 65/65/65 34/34/34
f 65/65/65 66/66/66 34/34/34
f 34/34/34 66/66/66 35/35/35
f 66/66/66 67/67/67 35/35/35
f 35/35/35 67/67/67 36/36/36
f 67/67/67 68/68/68 36/36/36
f 36/36/36 68/68/68 37/37/37
f 68/68/68 69/69/69 37/37/37
f 37/37/37 69/69/69 38/38/38
f 69/69/69 70/70/70 38/38/38
f 38/38/38 70/70/70 39/39/39
f 70/70/70 71/71/71 39/39/39
f 39/39/39 71/71/71 40/40/40
f 71/71/71 72/72/72 40/40/40
f 40/40/40 72/72/72 41/41/41
f 72/72/72 73/73/73 41/41/41
f 41/41/41 73/73/73 42/42/42
f 73/73/73 74/74/74 42/42/42
f 42/42/42 74/74/74 43/43/43
f 74/74/74 75/75/75 43/43/43
f 43/43/43 75/75/75 44/44/44
f 75/75/75 76/76/76 44/44/44
f 44/44/44 76/76/76 45/45/45
f 76/76/76 77/77/77 45/45/45
f 45/45/45 77/77/77 46/46/46
f 77/77/77 78/78/78 46/46/46
f 46/46/46 78/78/78 47/47/47
f 78/78/78 79/79/79 47/47/47
f 47/47/47 79/79/79 48/48/48
f 79/79/79 80/80/80 48/48/48
f 48/48/48 80/80/80 49/49/49
f 80/80/80 81/81/81 49/49/49
f 49/49/49 81/81/81 50/50/50
f 81/81/81 82/82/82 50/50/50
f 50/50/50 82/82/82 51/51/51
f 82/82/82 83/83/83 51/51/51
f 51/51/51 83/83/83 52/52/52
f 83/83/83 84/84/84 52/52/52
f 52/52/52 84/84/84 53/53/53
f 84/84/84 85/85/85 53/53/53
f 53/53/53 85/85/85 54/54/54
f 85/85/85 86/86/86 54/54/54
f 54/54/54 86/86/86 55/55/55
f 86/86/86 87/87/87 55/55/55
f 55/55/55 87/87/87 56/56/56
f 87/87/87 88/88/88 56/56/56
f 56/56/56 88/88/88 57/57/57
f 88/88/88 89/89/89 57/57/57
f 57/57/57 89/89/89 58/58/58
f 89/89/89 90/90/90 58/58/58
f 58/58/58 90/90/90 59/59/59
f 90/90/90 91/91/91 59/59/59
f 59/59/59 91/91/91 60/60/60
f 91/91/91 92/92/92 60/60/60
f 60/60/60 92/92/92 61/61/61
f 92/92/92 93/93/93 61/61/61
f 61/61/61 93/93/93 62/62/62
f 93/93/93 94/94/94 62/62/62
f 62/62/62 94/94/94 63/63/63
f 94/94/94 95/95/95 63/63/63
f 63/63/63 95/95/95 64/64/64
f 95/95/95 96/96/96 64/64/64
f 64/64/64 96/96/96 33/33/33
f 96/96/96 65/65/65 33/33/33
f 65/65/65 97/97/97 66/66/66
f 97/97/97 98/98/98 66/66/66
f 66/66/66 98/98/98 67/67/67
f 98/98/98 99/99/99 67/67/67
f 67/67/67 99/99/99 68/68/68
f 99/99/99 100/100/100 68/68/68
f 68/68/68 100/100/100 69/69/69
f 100/100/100 101/101/101 69/69/69
f 69/69/69 101/101/101 70/70/70
f 101/101/101 102/102/102 70/70/70
f 70/70/70 102/102/102 71/71/71
f 102/102/102 103/103/103 71/71/71
f 71/71/71 103/103/103 72/72/72
f 103/103/103 104/104/104 72/72/72
f 72/72/72 104/104/104 73/73/73
f 104/104/104 105/105/105 73/73/73
f 73/73/73 105/105/105 74/74/74
f 105/105/105 106/106/106 74/74/74
f 74/74/74 106/106/106 75/75/75
f 106/106/106 107/107/107 75/75/75
f 75/75/75 107/107/107 76/76/76
f 107/107/107 108/108/108 76/76/76
f 76/76/76 108/108/108 77/77/77
f 108/108/108 109/109/109 77/77/77
f 77/77/77 109/109/109 78/78/78
f 109/109/109 110/110/110 78/78/78
f 78/78/78 110/110/110 79/79/79
f 110/110/110 111/111/111 79/79/79
f 79/79/79 111/111/111 80/80/80
f 111/111/111 112/112/112 80/80/80
f 80/80/80 112/112/112 81/81/81
f 112/112/112 113/113/113 81/81/81
f 81/81/81 113/113/113 82/82/82
f 113/113/113 114/114/114 82/82/82
f 82/82/82 114/114/114 83/83/83
f 114/114/114 115/115/115 83/83/83
f 83/83/83 115/115/115 84/84/84
f 115/115/115 116/116/116 84/84/84
f 84/84/84 116/116/116 85/85/85
f 116/116/116 117/117/117 85/85/85
f 85/85/85 117/117/117 86/86/86
f 117/117/117 118/118/118 86/86/86
f 86/86/86 118/118/118 87/87/87
f 118/118/118 119/119/119 87/87/87
f 87/87/87 119/119/119 88/88/88
f 119/119/119 120/120/120 88/88/88
f 88/88/88 120/120/120 89/89/89
f 120/120/120 121/121/121 89/89/89
f 89/89/89 121/121/121 90/90/90
f 121/121/121 122/122/122 90/90/90
f 90/90/90 122/122/122 91/91/91
f 122/122/122 123/123/123 91/91/91
f 91/91/91 123/123/123 92/92/92
f 123/123/123 124/124/124 92/92/92
f 92/92/92 124/124/124 93/93/93
f 124/124/124 125/125/125 93/93/93
f 93/93/93 125/125/125 94/94/94
f 125/125/125 126/126/126 94/94/94
f 94/94/94 126/126/126 95/95/95
f 126/126/126 127/127/127 95/95/95
f 95/95/95 127/127/127 96/96/96
f 127/127/127 128/128/128 96/96/96
f 96/96/96 128/128/128 65/65/65
f 128/128/128 97/97/97 65/65/65
f 97/97/97 129/129/129 98/98/98
f 129/129/129 130/130/130 98/98/98
f 98/98/98 130/130/130 99/99/99
f 130/130/130 131/131/131 99/99/99
f 99/99/99 131/131/131 100/100/100
f 131/131/131 132/132/132 100/100/100
f 100/100/100 132/132/132 101/101/101
f 132/132/132 133/133/133 101/101/101
f 101/101/101 133/133/133 102/102/102
f 133/133/133 134/134/134 102/102/102
f 102/102/102 134/134/134 103/103/103
f 134/134/134 135/135/135 103/103/103
f 103/103/103 135/135/135 104/104/104
f 135/135/135 136/136/136 104/104/104
f 104/104/104 136/136/136 105/105/105
f 136/136/136 137/137/137 105/105/105
f 105/105/105 137/137/137 106/106/106
f 137/137/137 138/138/138 106/106/106
f 106/106/106 138/138/138 107/107/107
f 138/138/138 139/139/139 107/107/107
f 107/107/107 139/139/139 108/108/108
f 139/139/139 140/140/140 108/108/108
f 108/108/108 140/140/140 109/109/109
f 140/140/140 141/141/141 109/109/109
f 109/109/109 141/141/141 110/110/110
f 141/141/141 142/142/142 110/110/110
f 110/110/110 142/142/142 111/111/111
f 142/142/142 143/143/143 111/111/111
f 111/111/111 143/143/143 112/112/112
f 143/143/143 144/144/144 112/112/112
f 112/112/112 144/144/144 113/113/113
f 144/144/144 145/145/145 113/113/113
f 113/113/113 145/145/145 114/114/114
f 145/145/145 146/146/146 114/114/114
f 114/114/114 146/146/146 115/115/115
f 146/146/146 147/147/147 115/115/115
f 115/115/115 147/147/147 116/116/116
f 147/147/147 148/148/148 116/116/116
f 116/116/116 148/148/148 117/117/117
f 148/148/148 149/149/149 117/117/117
f 117/117/117 149/149/149 118/118/118
f 149/149/149 150/150/150 118/118/118
f 118/118/118 150/150/150 119/119/119
f 150/150/150 151/151/151 119/119/119
f 119/119/119 151/151/151 120/120/120
f 151/151/151 152/152/152 120/120/120
f 120/120/120 152/152/152 121/121/121
f 152/152/152 153/153/153 121/121/121
f 121/121/121 153/153/153 122/122/122
f 153/153/153 154/154/154 122/122/122
f 122/122/122 154/154/154 123/123/123
f 154/154/154 155/155/155 123/123/123
f 123/123/123 155/155/155 124/124/124
f 155/155/155 156/156/156 124/124/124
f 124/124/124 156/156/156 125/125/125
f 156/156/156 157/157/157 125/125/125
f 125/125/125 157/157/157 126/126/126
f 157/157/157 158/158/158 126/126/126
f 126/126/126 158/158/158 127/127/127
f 158/158/158 159/159/159 127/127/127
f 127/127/127 159/159/159 128/128/128
f 159/159/159 160/160/160 128/128/128
f 128/128/128 160/160/160 97/97/97
f 160/160/160 129/129/129 97/97/97
f 129/129/129 161/161/161 130/130/130
f 161/161/161 162/162/162 130/130/130
f 130/130/130 162/162/162 131/131/131
f 162/162/162 163/163/163 131/131/131
f 131/131/131 163/163/163 132/132/132
f 163/163/163 164/164/164 132/132/132
f 132/132/132 164/164/164 133/133/133
f 164/164/164 165/165/165 133/133/133
f 133/133/133 165/165/165 134/134/134
f 165/165/165 166/166/166 134/134/134
f 134/134/134 166/166/166 135/135/135
f 166/166/166 167/167/167 135/135/135
f 135/135/135 167/167/167 136/136/136
f 167/167/167 168/168/168 136/136/136
f 136/136/136 168/168/168 137/137/137
f 168/168/168 169/169/169 137/137/137
f 137/137/137 169/169/169 138/138/138
f 169/169/169 170/170/170 138/138/138
f 138/138/138 170/170/170 139/139/139
f 170/170/170 171/171/171 139/139/139
f 139/139/139 171/171/171 140/140/140
f 171/171/171 172/172/172 140/140/140
f 140/140/140 172/172/172 141/141/141
f 172/172/172 173/173/173 141/141/141
f 141/141/141 173/173/173 142/142/142
f 173/173/173 174/174/174 142/142/142
f 142/142/142 174/174/174 143/143/143
f 174/174/174 175/175/175 143/143/143
f 143/143/143 175/175/175 144/144/144
f 175/175/175 176/176/176 144/144/144
f 144/144/144 176/176/176 145/145/145
f 176/176/176 177/177/177 145/145/145
f 145/145/145 177/177/177 146/146/146
f 177/177/177 178/178/178 146/146/146
f 146/146/146 178/178/178 147/147/147
f 178/178/178 179/179/179 147/147/147
f 147/147/147 179/179/179 148/148/148
f 179/179/179 180/180/180 148/148/148
f 148/148/148 180/180/180 149/149/149
f 180/180/180 181/181/181 149/149/149
f 149/149/149 181/181/181 150/150/150
f 181/181/181 182/182/182 150/150/150
f 150/150/150 182/182/182 151/151/151
f 182/182/182 183/183/183 151/151/151
f 151/151/151 183/183/183 152/152/152
f 183/183/183 184/184/184 152/152/152
f 152/152/152 184/184/184 153/153/153
f 184/184/184 185/185/185 153/153/153
f 153/153/153 185/185/185 154/154/154
f 185/185/185 186/186/186 154/154/154
f 154/154/154 186/186/186 155/155/155
f 186/186/186 187/187/187 155/155/155
f 155/155/155 187/187/187 156/156/156
f 187/187/187 188/188/188 156/156/156
f 156/156/156 188/188/188 157/157/157
f 188/188/188 189/189/189 157/157/157
f 157/157/157 189/189/189 158/158/158
f 189/189/189 190/190/190 158/158/158
f 158/158/158 190/190/190 159/159/159
f 190/190/190 191/191/191 159/159/159
f 159/159/159 191/191/191 160/160/160
f 191/191/191 192/192/192 160/160/160
f 160/160/160 192/192/192 129/129/129
f 192/192/192 161/161/161 129/129/129
f 161/161/161 193/193/193 162/162/162
f 193/193/193 194/194/194 162/162/162
f 162/162/162 194/194/194 163/163/163
f 194/194/194 195/195/195 163/163/163
f 163/163/163 195/195/195 164/164/164
f 195/195/195 196/196/196 164/164/164
f 164/164/164 196/196/196 165/165/165
f 196/196/196 197/197/197 165/165/165
f 165/165/165 197/197/197 166/166/166
f 197/197/197 198/198/198 166/166/166
f 166/166/166 198/198/198 167/167/167
f 198/198/198 199/199/199 167/167/167
f 167/167/167 199/199/199 168/168/168
f 199/199/199 200/200/200 168/168/168
f 168/168/168 200/200/200 169/169/169
f 200/200/200 201/201/201 169/169/169
f 169/169/169 201/201/201 170/170/170
f 201/201/201 202/202/202 170/170/170
f 170/170/170 202/202/202 171/171/171
f 202/202/202 203/203/203 171/171/171
f 171/171/171 203/203/203 172/172/172
f 203/203/203 204/204/204 172/172/172
f 172/172/172 204/204/204 173/173/173
f 204/204/204 205/205/205 173/173/173
f 173/173/173 205/205/205 174/174/174
f 205/205/205 206/206/206 174/174/174
f 174/174/174 206/206/206 175/175/175
f 206/206/206 207/207/207 175/175/175
f 175/175/175 207/207/207 176/176/176
f 207/207/207 208/208/208 176/176/176
f 176/176/176 208/208/208 177/177/177
f 208/208/208 209/209/209 177/177/177
f 177/177/177 209/209/209 178/178/178
f 209/209/209 210/210/210 178/178/178
f 178/178/178 210/210/210 179/179/179
f 210/210/210 211/211/211 179/179/179
f 179/179/179 211/211/211 180/180/180
f 211/211/211 212/212/212 180/180/180
f 180/180/180 212/212/212 181/181/181
f 212/212/212 213/213/213 181/181/181
f 181/181/181 213/213/213 182/182/182
f 213/213/213 214/214/214 182/182/182
f 182/182/182 214/214/214 183/183/183
f 214/214/214 215/215/215 183/183/183
f 183/183/183 215/215/215 184/184/184
f 215/215/215 216/216/216 184/184/184
f 184/184/184 216/216/216 185/185/185
f 216/216/216 217/217/217 185/185/185
f 185/185/185 217/217/217 186/186/186
f 217/217/217 218/218/218 186/186/186
f 186/186/186 218/218/218 187/187/187
f 218/218/218 219/219/219 187/187/187
f 187/187/187 219/219/219 188/188/188
f 219/219/219 220/220/220 188/188/188
f 188/188/188 220/220/220 189/189/189
f 220/220/220 221/221/221 189/189/189
f 189/189/189 221/221/221 190/190/190
f 221/221/221 222/222/222 190/190/190
f 190/190/190 222/222/222 191/191/191
f 222/222/222 223/223/223 191/191/191
f 191/191/191 223/223/223 192/192/192
f 223/223/223 224/224/224 192/192/192
f 192/192/192 224/224/224 161/161/161
f 224/224/224 193/193/193 161/161/161
f 193/193/193 225/225/225 194/194/194
f 225/225/225 226/226/226 194/194/194
f 194/194/194 226/226/226 195/195/195
f 226/226/226 227/227/227 195/195/195
f 195/195/195 227/227/227 196/196/196
f 227/227/227 228/228/228 196/196/196
f 196/196/196 228/228/228 197/197/197
f 228/228/228 229/229/229 197/197/197
f 197/197/197 229/229/229 198/198/198
f 229/229/229 230/230/230 198/198/198
f 198/198/198 230/230/230 199/199/199
f 230/230/230 231/231/231 199/199/199
f 199/199/199 231/231/231 200/200/200
f 231/231/231 232/232/232 200/200/200
f 200/200/200 232/232/232 201/201/201
f 232/232/232 233/233/233 201/201/201
f 201/201/201 233/233/233 202/202/202
f 233/233/233 234/234/234 202/202/202
f 202/202/202 234/234/234 203/203/203
f 234/234/234 235/235/235 203/203/203
f 203/203/203 235/235/235 204/204/204
f 235/235/235 236/236/236 204/204/204
f 204/204/204 236/236/236 205/205/205
f 236/236/236 237/237/237 205/205/205
f 205/205/205 237/237/237 206/206/206
f 237/237/237 238/238/238 206/206/206
f 206/206/206 238/238/238 207/207/207
f 238/238/238 239/239/239 207/207/207
f 207/207/207 239/239/239 208/208/208
f 239/239/239 240/240/240 208/208/208
f 208/208/208 240/240/240 209/209/209
f 240/240/240 241/241/241 209/209/209
f 209/209/209 241/241/241 210/210/210
f 241/241/241 242/242/242 210/210/210
f 210/210/210 242/242/242 211/211/211
f 242/242/242 243/243/243 211/211/211
f 211/211/211 243/243/243 212/212/212
f 243/243/243 244/244/244 212/212/212
f 212/212/212 244/244/244 213/213/213
f 244/244/244 245/245/245 213/213/213
f 213/213/213 245/245/245 214/214/214
f 245/245/245 246/246/246 214/214/214
f 214/214/214 246/246/246 215/215/215
f 246/246/246 247/247/247 215/215/215
f 215/215/215 247/247/247 216/216/216
f 247/247/247 248/248/248 216/216/216
f 216/216/216 248/248/248 217/217/217
f 248/248/248 249/249/249 217/217/217
f 217/217/217 249/249/249 218/218/218
f 249/249/249 250/250/250 218/218/218
f 218/218/218 250/250/250 219/219/219
f 250/250/250 251/251/251 219/219/219
f 219/219/219 251/251/251 220/220/220
f 251/251/251 252/252/252 220/220/220
f 220/220/220 252/252/252 221/221/221
f 252/252/252 253/253/253 221/221/221
f 221/221/221 253/253/253 222/222/222
f 253/253/253 254/254/254 222/222/222
f 222/222/222 254/254/254 223/223/223
f 254/254/254 255/255/255 223/223/223
f 223/223/223 255/255/255 224/224/224
f 255/255/255 256/256/256 224/224/224
f 224/224/224 256/256/256 193/193/193
f 256/256/256 225/225/225 193/193/193
f 225/225/225 257/257/257 226/226/226
f 257/257/257 258/258/258 226/226/226
f 226/226/226 258/258/258 227/227/227
f 258/258/258 259/259/259 227/227/227
f 227/227/227 259/259/259 228/228/228
f 259/259/259 260/260/260 228/228/228
f 228/228/228 260/260/260 229/229/229
f 260/260/260 261/261/261 229/229/229
f 229/229/229 261/261/261 230/230/230
f 261/261/261 262/262/262 230/230/230
f 230/230/230 262/262/262 231/231/231
f 262/262/262 263/263/263 231/231/231
f 231/231/231 263/263/263 232/232/232
f 263/263/263 264/264/264 232/232/232
f 232/232/232 264/264/264 233/233/233
f 264/264/264 265/265/265 233/233/233
f 233/233/233 265/265/265 234/234/234
f 265/265/265 266/266/266 234/234/234
f 234/234/234 266/266/266 235/235/235
f 266/266/266 267/267/267 235/235/235
f 235/235/235 267/267/267 236/236/236
f 267/267/267 268/268/268 236/236/236
f 236/236/236 268/268/268 237/237/237
f 268/268/268 269/269/269 237/237/237
f 237/237/237 269/269/269 238/238/238
f 269/269/269 270/270/270 238/238/238
f 238/238/238 270/270/270 239/239/239
f 270/270/270 271/271/271 239/239/239
f 239/239/239 271/271/271 240/240/240
f 271/271/271 272/272/272 240/240/240
f 240/240/240 272/272/272 241/241/241
f 272/272/272 273/273/273 241/241/241
f 241/241/241 273/273/273 242/242/242
f 273/273/273 274/274/274 242/242/242
f 242/242/242 274/274/274 243/243/243
f 274/274/274 275/275/275 243/243/243
f 243/243/243 275/275/275 244/244/244
f 275/275/275 276/276/276 244/244/244
f 244/244/244 276/276/276 245/245/245
f 276/276/276 277/277/277 245/245/245
f 245/245/245 277/277/277 246/246/246
f 277/277/277 278/278/278 246/246/246
f 246/246/246 278/278/278 247/247/247
f 278/278/278 279/279/279 247/247/247
f 247/247/247 279/279/279 248/248/248
f 279/279/279 280/280/280 248/248/248
f 248/248/248 280/280/280 249/249/249
f 280/280/280 281/281/281 249/249/249
f 249/249/249 281/281/281 250/250/250
f 281/281/281 282/282/282 250/250/250
f 250/250/250 282/282/282 251/251/251
f 282/282/282 283/283/283 251/251/251
f 251/251/251 283/283/283 252/252/252
f 283/283/283 284/284/284 252/252/252
f 252/252/252 284/284/284 253/253/253
f 284/284/284 285/285/285 253/253/253
f 253/253/253 285/285/285 254/254/254
f 285/285/285 286/286/286 254/254/254
f 254/254/254 286/286/286 255/255/255
f 286/286/286 287/287/287 255/255/255
f 255/255/255 287/287/287 256/256/256
f 287/287/287 288/288/288 256/256/256
f 256/256/256 288/288/288 225/225/225
f 288/288/288 257/257/257 225/225/225
f 257/257/257 289/289/289 258/258/258
f 289/289/289 290/290/290 258/258/258
f 258/258/258 290/290/290 259/259/259
f 290/290/290 291/291/291 259/259/259
f 259/259/259 291/291/291 260/260/260
f 291/291/291 292/292/292 260/260/260
f 260/260/260 292/292/292 261/261/261
f 292/292/292 293/293/293 261/261/261
f 261/261/261 293/293/293 262/262/262
f 293/293/293 294/294/294 262/262/262
f 262/262/262 294/294/294 263/263/263
f 294/294/294 295/295/295 263/263/263
f 263/263/263 295/295/295 264/264/264
f 295/295/295 296/296/296 264/264/264
f 264/264/264 296/296/296 265/265/265
f 296/296/296 297/297/297 265/265/265
f 265/265/265 297/297/297 266/266/266
f 297/297/297 298/298/298 266/266/266
f 266/266/266 298/298/298 267/267/267
f 298/298/298 299/299/299 267/267/267
f 267/267/267 299/299/299 268/268/268
f 299/299/299 300/300/300 268/268/268
f 268/268/268 300/300/300 269/269/269
f 300/300/300 301/301/301 269/269/269
f 269/269/269 301/301/301 270/270/270
f 301/301/301 302/302/302 270/270/270
f 270/270/270 302/302/302 271/271/271
f 302/302/302 303/303/303 271/271/271
f 271/271/271 303/303/303 272/272/272
f 303/303/303 304/304/304 272/272/272
f 272/272/272 304/304/304 273/273/273
f 304/304/304 305/305/305 273/273/273
f 273/273/273 305/305/305 274/274/274
f 305/305/305 306/306/306 274/274/274
f 274/274/274 306/306/306 275/275/275
f 306/306/306 307/307/307 275/275/275
f 275/275/275 307/307/307 276/276/276
f 307/307/307 308/308/308 276/276/276
f 276/276/276 308/308/308 277/277/277
f 308/308/308 309/309/309 277/277/277
f 277/277/277 309/309/309 278/278/278
f 309/309/309 310/310/310 278/278/278
f 278/278/278 310/310/310 279/279/279
f 310/310/310 311/311/311 279/279/279
f 279/279/279 311/311/311 280/280/280
f 311/311/311 312/312/312 280/280/280
f 280/280/280 312/312/312 281/281/281
f 312/312/312 313/313/313 281/281/281
f 281/281/281 313/313/313 282/282/282
f 313/313/313 314/314/314 282/282/282
f 282/282/282 314/314/314 283/283/283
f 314/314/314 315/315/315 283/283/283
f 283/283/283 315/315/315 284/284/284
f 315/315/315 316/316/316 284/284/284
f 284/284/284 316/316/316 285/285/285
f 316/316/316 317/317/317 285/285/285
f 285/285/285 317/317/317 286/286/286
f 317/317/317 318/318/318 286/286/286
f 286/286/286 318/318/318 287/287/287
f 318/318/318 319/319/319 287/287/287
f 287/287/287 319/319/319 288/288/288
f 319/319/319 320/320/320 288/288/288
f 288/288/288 320/320/320 257/257/257
f 320/320/320 289/289/289 257/257/257
f 289/289/289 321/321/321 290/290/290
f 321/321/321 322/322/322 290/290/290
f 290/290/290 322/322/322 291/291/291
f 322/322/322 323/323/323 291/291/291
f 291/291/291 323/323/323 292/292/292
f 323/323/323 324/324/324 292/292/292
f 292/292/292 324/324/324 293/293/293
f 324/324/324 325/325/325 293/293/293
f 293/293/293 325/325/325 294/294/294
f 325/325/325 326/326/326 294/294/294
f 294/294/294 326/326/326 295/295/295
f 326/326/326 327/327/327 295/295/295
f 295/295/295 327/327/327 296/296/296
f 327/327/327 328/328/328 296/296/296
f 296/296/296 328/328/328 297/297/297
f 328/328/328 329/329/329 297/297/297
f 297/297/297 329/329/329 298/298/298
f 329/329/329 330/330/330 298/298/298
f 298/298/298 330/330/330 299/299/299
f 330/330/330 331/331/331 299/299/299
f 299/299/299 331/331/331 300/300/300
f 331/331/331 332/332/332 300/300/300
f 300/300/300 332/332/332 301/301/301
f 332/332/332 333/333/333 301/301/301
f 301/301/301 333/333/333 302/302/302
f 333/333/333 334/334/334 302/302/302
f 302/302/302 334/334/334 303/303/303
f 334/334/334 335/335/335 303/303/303
f 303/303/303 335/335/335 304/304/304
f 335/335/335 336/336/336 304/304/304
f 304/304/304 336/336/336 305/305/305
f 336/336/336 337/337/337 305/305/305
f 305/305/305 337/337/337 306/306/306
f 337/337/337 338/338/338 306/306/306
f 306/306/306 338/338/338 307/307/307
f 338/338/338 339/339/339 307/307/307
f 307/307/307 339/339/339 308/308/308
f 339/339/339 340/340/340 308/308/308
f 308/308/308 340/340/340 309/309/309
f 340/340/340 341/341/341 309/309/309
f 309/309/309 341/341/341 310/310/310
f 341/341/341 342/342/342 310/310/310
f 310/310/310 342/342/342 311/311/311
f 342/342/342 343/343/343 311/311/311
f 311/311/311 343/343/343 312/312/312
f 343/343/343 344/344/344 312/312/312
f 312/312/312 344/344/344 313/313/313
f 344/344/344 345/345/345 313/313/313
f 313/313/313 345/345/345 314/314/314
f 345/345/345 346/346/346 314/314/314
f 314/314/314 346/346/346 315/315/315
f 346/346/346 347/347/347 315/315/315
f 315/315/315 347/347/347 316/316/316
f 347/347/347 348/348/348 316/316/316
f 316/316/316 348/348/348 317/317/317
f 348/348/348 349/349/349 317/317/317
f 317/317/317 349/349/349 318/318/318
f 349/349/349 350/350/350 318/318/318
f 318/318/318 350/350/350 319/319/319
f 350/350/350 351/351/351 319/319/319
f 319/319/319 351/351/351 320/320/320
f 351/351/351 352/352/352 320/320/320
f 320/320/320 352/352/352 289/289/289
f 352/352/352 321/321/321 289/289/289
f 321/321/321 353/353/353 322/322/322
f 322/322/322 354/354/354 323/323/323
f 323/323/323 355/355/355 324/324/324
f 324/324/324 356/356/356 325/325/325
f 325/325/325 357/357/357 326/326/326
f 326/326/326 358/358/358 327/327/327
f 327/327/327 359/359/359 328/328/328
f 328/328/328 360/360/360 329/329/329
f 329/329/329 361/361/361 330/330/330
f 330/330/330 362/362/362 331/331/331
f 331/331/331 363/363/363 332/332/332
f 332/332/332 364/364/364 333/333/333
f 333/333/333 365/365/365 334/334/334
f 334/334/334 366/366/366 335/335/335
f 335/335/335 367/367/367 336/336/336
f 336/336/336 368/368/368 337/337/337
f 337/337/337 369/369/369 338/338/338
f 338/338/338 370/370/370 339/339/339
f 339/339/339 371/371/371 340/340/340
f 340/340/340 372/372/372 341/341/341
f 341/341/341 373/373/373 342/342/342
f 342/342/342 374/374/374 343/343/343
f 343/343/343 375/375/375 344/344/344
f 344/344/344 376/376/376 345/345/345
f 345/345/345 377/377/377 346/346/346
f 346/346/346 378/378/378 347/347/347
f 347/347/347 379/379/379 348/348/348
f 348/348/348 380/380/380 349/349/349
f 349/349/349 381/381/381 350/350/350
f 350/350/350 382/382/382 351/351/351
f 351/351/351 383/383/383 352/352/352
f 352/352/352 384/384/384 321/321/321
f 385/385/385 401/401/401 386/386/386
f 401/401/401 402/402/402 386/386/386
f 386/386/386 402/402/402 387/387/387
f 402/402/402 403/403/403 387/387/387
f 387/387/387 403/403/403 388/388/388
f 403/403/403 404/404/404 388/388/388
f 388/388/388 404/404/404 389/389/389
f 404/404/404 405/405/405 389/389/389
f 389/389/389 405/405/405 390/390/390
f 405/405/405 406/406/406 390/390/390
f 390/390/390 406/406/406 391/391/391
f 406/406/406 407/407/407 391/391/391
f 391/391/391 407/407/407 392/392/392
f 407/407/407 408/408/408 392/392/392
f 392/392/392 408/408/408 393/393/393
f 408/408/408 409/409/409 393/393/393
f 393/393/393 409/409/409 394/394/394
f 409/409/409 410/410/410 394/394/394
f 394/394/394 410/410/410 395/395/395
f 410/410/410 411/411/411 395/395/395
f 395/395/395 411/411/411 396/396/396
f 411/411/411 412/412/412 396/396/396
f 396/396/396 412/412/412 397/397/397
f 412/412/412 413/413/413 397/397/397
f 397/397/397 413/413/413 398/398/398
f 413/413/413 414/414/414 398/398/398
f 398/398/398 414/414/414 399/399/399
f 414/414/414 415/415/415 399/399/399
f 399/399/399 415/415/415 400/400/400
f 415/415/415 416/416/416 400/400/400
f 400/400/400 416/416/416 385/385/385
f 416/416/416 401/401/401 385/385/385
f 401/401/401 417/417/417 402/402/402
f 417/417/417 418/418/418 402/402/402
f 402/402/402 418/418/418 403/403/403
f 418/418/418 419/419/419 403/403/403
f 403/403/403 419/419/419 404/404/404
f 419/419/419 420/420/420 404/404/404
f 404/404/404 420/420/420 405/405/405
f 420/420/420 421/421/421 405/405/405
f 405/405/405 421/421/421 406/406/406
f 421/421/421 422/422/422 406/406/406
f 406/406/406 422/422/422 407/407/407
f 422/422/422 423/423/423 407/407/407
f 407/407/407 423/423/423 408/408/408
f 423/423/423 424/424/424 408/408/408
f 408/408/408 424/424/424 409/409/409
f 424/424/424 425/425/425 409/409/409
f 409/409/409 425/425/425 410/410/410
f 425/425/425 426/426/426 410/410/410
f 410/410/410 426/426/426 411/411/411
f 426/426/426 427/427/427 411/411/411
f 411/411/411 427/427/427 412/412/412
f 427/427/427 428/428/428 412/412/412
f 412/412/412 428/428/428 413/413/413
f 428/428/428 429/429/429 413/413/413
f 413/413/413 429/429/429 414/414/414
f 429/429/429 430/430/430 414/414/414
f 414/414/414 430/430/430 415/415/415
f 430/430/430 431/431/431 415/415/415
f 415/415/415 431/431/431 416/416/416
f 431/431/431 432/432/432 416/416/416
f 416/416/416 432/432/432 401/401/401
f 432/432/432 417/417/417 401/401/401
f 417/417/417 433/433/433 418/418/418
f 433/433/433 434/434/434 418/418/418
f 418/418/418 434/434/434 419/419/419
f 434/434/434 435/435/435 419/419/419
f 419/419/419 435/435/435 420/420/420
f 435/435/435 436/436/436 420/420/420
f 420/420/420 436/436/436 421/421/421
f 436/436/436 437/437/437 421/421/421
f 421/421/421 437/437/437 422/422/422
f 437/437/437 438/438/438 422/422/422
f 422/422/422 438/438/438 423/423/423
f 438/438/438 439/439/439 423/423/423
f 423/423/423 439/439/439 424/424/424
f 439/439/439 440/440/440 424/424/424
f 424/424/424 440/440/440 425/425/425
f 440/440/440 441/441/441 425/425/425
f 425/425/425 441/441/441 426/426/426
f 441/441/441 442/442/442 426/426/426
f 426/426/426 442/442/442 427/427/427
f 442/442/442 443/443/443 427/427/427
f 427/427/427 443/443/443 428/428/428
f 443/443/443 444/444/444 428/428/428
f 428/428/428 444/444/444 429/429/429
f 444/444/444 445/445/445 429/429/429
f 429/429/429 445/445/445 430/430/430
f 445/445/445 446/446/446 430/430/430
f 430/430/430 446/446/446 431/431/431
f 446/446/446 447/447/447 431/431/431
f 431/431/431 447/447/447 432/432/432
f 447/447/447 448/448/448 432/432/432
f 432/432/432 448/448/448 417/417/417
f 448/448/448 433/433/433 417/417/417
f 433/433/433 449/449/449 434/434/434
f 449/449/449 450/450/450 434/434/434
f 434/434/434 450/450/450 435/435/435
f 450/450/450 451/451/451 435/435/435
f 435/435/435 451/451/451 436/436/436
f 451/451/451 452/452/452 436/436/436
f 436/436/436 452/452/452 437/437/437
f 452/452/452 453/453/453 437/437/437
f 437/437/437 453/453/453 438/438/438
f 453/453/453 454/454/454 438/438/438
f 438/438/438 454/454/454 439/439/439
f 454/454/454 455/455/455 439/439/439
f 439/439/439 455/455/455 440/440/440
f 455/455/455 456/456/456 440/440/440
f 440/440/440 456/456/456 441/441/441
f 456/456/456 457/457/457 441/441/441
f 441/441/441 457/457/457 442/442/442
f 457/457/457 458/458/458 442/442/442
f 442/442/442 458/458/458 443/443/443
f 458/458/458 459/459/459 443/443/443
f 443/443/443 459/459/459 444/444/444
f 459/459/459 460/460/460 444/444/444
f 444/444/444 460/460/460 445/445/445
f 460/460/460 461/461/461 445/445/445
f 445/445/445 461/461/461 446/446/446
f 461/461/461 462/462/462 446/446/446
f 446/446/446 462/462/462 447/447/447
f 462/462/462 463/463/463 447/447/447
f 447/447/447 463/463/463 448/448/448
f 463/463/463 464/464/464 448/448/448
f 448/448/448 464/464/464 433/433/433
f 464/464/464 449/449/449 433/433/433
f 449/449/449 465/465/465 450/450/450
f 465/465/465 466/466/466 450/450/450
f 450/450/450 466/466/466 451/451/451
f 466/466/466 467/467/467 451/451/451
f 451/451/451 467/467/467 452/452/452
f 467/467/467 468/468/468 452/452/452
f 452/452/452 468/468/468 453/453/453
f 468/468/468 469/469/469 453/453/453
f 453/453/453 469/469/469 454/454/454
f 469/469/469 470/470/470 454/454/454
f 454/454/454 470/470/470 455/455/455
f 470/470/470 471/471/471 455/455/455
f 455/455/455 471/471/471 456/456/456
f 471/471/471 472/472/472 456/456/456
f 456/456/456 472/472/472 457/457/457
f 472/472/472 473/473/473 457/457/457
f 457/457/457 473/473/473 458/458/458
f 473/473/473 474/474/474 458/458/458
f 458/458/458 474/474/474 459/459/459
f 474/474/474 475/475/475 459/459/459
f 459/459/459 475/475/475 460/460/460
f 475/475/475 476/476/476 460/460/460
f 460/460/460 476/476/476 461/461/461
f 476/476/476 477/477/477 461/461/461
f 461/461/461 477/477/477 462/462/462
f 477/477/477 478/478/478 462/462/462
f 462/462/462 478/478/478 463/463/463
f 478/478/478 479/479/479 463/463/463
f 463/463/463 479/479/479 464/464/464
f 479/479/479 480/480/480 464/464/464
f 464/464/464 480/480/480 449/449/449
f 480/480/480 465/465/465 449/449/449
f 481/481/481 491/491/491 482/482/482
f 491/491/491 492/492/492 482/482/482
f 482/482/482 492/492/492 483/483/483
f 492/492/492 493/493/493 483/483/483
f 483/483/483 493/493/493 484/484/484
f 493/493/493 494/494/494 484/484/484
f 484/484/484 494/494/494 485/485/485
f 494/494/494 495/495/495 485/485/485
f 485/485/485 495/495/495 486/486/486
f 495/495/495 496/496/496 486/486/486
f 486/486/486 496/496/496 487/487/487
f 496/496/496 497/497/497 487/487/487
f 487/487/487 497/497/497 488/488/488
f 497/497/497 498/498/498 488/488/488
f 488/488/488 498/498/498 489/489/489
f 498/498/498 499/499/499 489/489/489
f 489/489/489 499/499/499 490/490/490
f 499/499/499 500/500/500 490/490/490
f 490/490/490 500/500/500 481/481/481
f 500/500/500 491/491/491 481/481/481
f 491/491/491 501/501/501 492/492/492
f 501/501/501 502/502/502 492/492/492
f 492/492/492 502/502/502 493/493/493
f 502/502/502 503/503/503 493/493/493
f 493/493/493 503/503/503 494/494/494
f 503/503/503 504/504/504 494/494/494
f 494/494/494 504/504/504 495/495/495
f 504/504/504 505/505/505 495/495/495
f 495/495/495 505/505/505 496/496/496
f 505/505/505 506/506/506 496/496/496
f 496/496/496 506/506/506 497/497/497
f 506/506/506 507/507/507 497/497/497
f 497/497/497 507/507/507 498/498/498
f 507/507/507 508/508/508 498/498/498
f 498/498/498 508/508/508 499/499/499
f 508/508/508 509/509/509 499/499/499
f 499/499/499 509/509/509 500/500/500
f 509/509/509 510/510/510 500/500/500
f 500/500/500 510/510/510 491/491/491
f 510/510/510 501/501/501 491/491/491
f 501/501/501 511/511/511 502/502/502
f 511/511/511 512/512/512 502/502/502
f 502/502/502 512/512/512 503/503/503
f 512/512/512 513/513/513 503/503/503
f 503/503/503 513/513/513 504/504/504
f 513/513/513 514/514/514 504/504/504
f 504/504/504 514/514/514 505/505/505
f 514/514/514 515/515/515 505/505/505
f 505/505/505 515/515/515 506/506/506
f 515/515/515 516/516/516 506/506/506
f 506/506/506 516/516/516 507/507/507
f 516/516/516 517/517/517 507/507/507
f 507/507/507 517/517/517 508/508/508
f 517/517/517 518/518/518 508/508/508
f 508/508/508 518/518/518 509/509/509
f 518/518/518 519/519/519 509/509/509
f 509/509/509 519/519/519 510/510/510
f 519/519/519 520/520/520 510/510/510
f 510/510/510 520/520/520 501/501/501
f 520/520/520 511/511/511 501/501/501
f 511/511/511 521/521/521 512/512/512
f 521/521/521 522/522/522 512/512/512
f 512/512/512 522/522/522 513/513/513
f 522/522/522 523/523/523 513/513/513
f 513/513/513 523/523/523 514/514/514
f 523/523/523 524/524/524 514/514/514
f 514/514/514 524/524/524 515/515/515
f 524/524/524 525/525/525 515/515/515
f 515/515/515 525/525/525 516/516/516
f 525/525/525 526/526/526 516/516/516
f 516/516/516 526/526/526 517/517/517
f 526/526/526 527/527/527 517/517/517
f 517/517/517 527/527/527 518/518/518
f 527/527/527 528/528/528 518/518/518
f 518/518/518 528/528/528 519/519/519
f 528/528/528 529/529/529 519/519/519
f 519/519/519 529/529/529 520/520/520
f 529/529/529 530/530/530 520/520/520
f 520/520/520 530/530/530 511/511/511
f 530/530/530 521/521/521 511/511/511
f 521/521/521 531/531/531 522/522/522
f 531/531/531 532/532/532 522/522/522
f 522/522/522 532/532/532 523/523/523
f 532/532/532 533/533/533 523/523/523
f 523/523/523 533/533/533 524/524/524
f 533/533/533 534/534/534 524/524/524
f 524/524/524 534/534/534 525/525/525
f 534/534/534 535/535/535 525/525/525
f 525/525/525 535/535/535 526/526/526
f 535/535/535 536/536/536 526/526/526
f 526/526/526 536/536/536 527/527/527
f 536/536/536 537/537/537 527/527/527
f 527/527/527 537/537/537 528/528/528
f 537/537/537 538/538/538 528/528/528
f 528/528/528 538/538/538 529/529/529
f 538/538/538 539/539/539 529/529/529
f 529/529/529 539/539/539 530/530/530
f 539/539/539 540/540/540 530/530/530
f 530/530/530 540/540/540 521/521/521
f 540/540/540 531/531/531 521/521/521
f 531/531/531 541/541/541 532/532/532
f 541/541/541 542/542/542 532/532/532
f 532/532/532 542/542/542 533/533/533
f 542/542/542 543/543/543 533/533/533
f 533/533/533 543/543/543 534/534/534
f 543/543/543 544/544/544 534/534/534
f 534/534/534 544/544/544 535/535/535
f 544/544/544 545/545/545 535/535/535
f 535/535/535 545/545/545 536/536/536
f 545/545/545 546/546/546 536/536/536
f 536/536/536 546/546/546 537/537/537
f 546/546/546 547/547/547 537/537/537
f 537/537/537 547/547/547 538/538/538
f 547/547/547 548/548/548 538/538/538
f 538/538/538 548/548/548 539/539/539
f 548/548/548 549/549/549 539/539/539
f 539/539/539 549/549/549 540/540/540
f 549/549/549 550/550/550 540/540/540
f 540/540/540 550/550/550 531/531/531
f 550/550/550 541/541/541 531/531/531
f 541/541/541 551/551/551 542/542/542
f 551/551/551 552/552/552 542/542/542
f 542/542/542 552/552/552 543/543/543
f 552/552/552 553/553/553 543/543/543
f 543/543/543 553/553/553 544/544/544
f 553/553/553 554/554/554 544/544/544
f 544/544/544 554/554/554 545/545/545
f 554/554/554 555/555/555 545/545/545
f 545/545/545 555/555/555 546/546/546
f 555/555/555 556/556/556 546/546/546
f 546/546/546 556/556/556 547/547/547
f 556/556/556 557/557/557 547/547/547
f 547/547/547 557/557/557 548/548/548
f 557/557/557 558/558/558 548/548/548
f 548/548/548 558/558/558 549/549/549
f 558/558/558 559/559/559 549/549/549
f 549/549/549 559/559/559 550/550/550
f 559/559/559 560/560/560 550/550/550
f 550/550/550 560/560/560 541/541/541
f 560/560/560 551/551/551 541/541/541
f 551/551/551 561/561/561 552/552/552
f 561/561/561 562/562/562 552/552/552
f 552/552/552 562/562/562 553/553/553
f 562/562/562 563/563/563 553/553/553
f 553/553/553 563/563/563 554/554/554
f 563/563/563 564/564/564 554/554/554
f 554/554/554 564/564/564 555/555/555
f 564/564/564 565/565/565 555/555/555
f 555/555/555 565/565/565 556/556/556
f 565/565/565 566/566/566 556/556/556
f 556/556/556 566/566/566 557/557/557
f 566/566/566 567/567/567 557/557/557
f 557/557/557 567/567/567 558/558/558
f 567/567/567 568/568/568 558/558/558
f 558/558/558 568/568/568 559/559/559
f 568/568/568 569/569/569 559/559/559
f 559/559/559 569/569/569 560/560/560
f 569/569/569 570/570/570 560/560/560
f 560/560/560 570/570/570 551/551/551
f 570/570/570 561/561/561 551/551/551
f 561/561/561 571/571/571 562/562/562
f 571/571/571 572/572/572 562/562/562
f 562/562/562 572/572/572 563/563/563
f 572/572/572 573/573/573 563/563/563
f 563/563/563 573/573/573 564/564/564
f 573/573/573 574/574/574 564/564/564
f 564/564/564 574/574/574 565/565/565
f 574/574/574 575/575/575 565/565/565
f 565/565/565 575/575/575 566/566/566
f 575/575/575 576/576/576 566/566/566
f 566/566/566 576/576/576 567/567/567
f 576/576/576 577/577/577 567/567/567
f 567/567/567 577/577/577 568/568/568
f 577/577/577 578/578/578 568/568/568
f 568/568/568 578/578/578 569/569/569
f 578/578/578 579/579/579 569/569/569
f 569/569/569 579/579/579 570/570/570
f 579/579/579 580/580/580 570/570/570
f 570/570/570 580/580/580 561/561/561
f 580/580/580 571/571/571 561/561/561
f 571/571/571 581/581/581 572/572/572
f 581/581/581 582/582/582 572/572/572
f 572/572/572 582/582/582 573/573/573
f 582/582/582 583/583/583 573/573/573
f 573/573/573 583/583/583 574/574/574
f 583/583/583 584/584/584 574/574/574
f 574/574/574 584/584/584 575/575/575
f 584/584/584 585/585/585 575/575/575
f 575/575/575 585/585/585 576/576/576
f 585/585/585 586/586/586 576/576/576
f 576/576/576 586/586/586 577/577/577
f 586/586/586 587/587/587 577/577/577
f 577/577/577 587/587/587 578/578/578
f 587/587/587 588/588/588 578/578/578
f 578/578/578 588/588/588 579/579/579
f 588/588/588 589/589/589 579/579/579
f 579/579/579 589/589/589 580/580/580
f 589/589/589 590/590/590 580/580/580
f 580/580/580 590/590/590 571/571/571
f 590/590/590 581/581/581 571/571/571
f 581/581/581 591/591/591 582/582/582
f 591/591/591 592/592/592 582/582/582
f 582/582/582 592/592/592 583/583/583
f 592/592/592 593/593/593 583/583/583
f 583/583/583 593/593/593 584/584/584
f 593/593/593 594/594/594 584/584/584
f 584/584/584 594/594/594 585/585/585
f 594/594/594 595/595/595 585/585/585
f 585/585/585 595/595/595 586/586/586
f 595/595/595 596/596/596 586/586/586
f 586/586/586 596/596/596 587/587/587
f 596/596/596 597/597/597 587/587/587
f 587/587/587 597/597/597 588/588/588
f 597/597/597 598/598/598 588/588/588
f 588/588/588 598/598/598 589/589/589
f 598/598/598 599/599/599 589/589/589
f 589/589/589 599/599/599 590/590/590
f 599/599/599 600/600/600 590/590/590
f 590/590/590 600/600/600 581/581/581
f 600/600/600 591/591/591 581/581/581
f 591/591/591 601/601/601 592/592/592
f 601/601/601 602/602/602 592/592/592
f 592/592/592 602/602/602 593/593/593
f 602/602/602 603/603/603 593/593/593
f 593/593/593 603/603/603 594/594/594
f 603/603/603 604/604/604 594/594/594
f 594/594/594 604/604/604 595/595/595
f 604/604/604 605/605/605 595/595/595
f 595/595/595 605/605/605 596/596/596
f 605/605/605 606/606/606 596/596/596
f 596/596/596 606/606/606 597/597/597
f 606/606/606 607/607/607 597/597/597
f 597/597/597 607/607/607 598/598/598
f 607/607/607 608/608/608 598/598/598
f 598/598/598 608/608/608 599/599/599
f 608/608/608 609/609/609 599/599/599
f 599/599/599 609/609/609 600/600/600
f 609/609/609 610/610/610 600/600/600
f 600/600/600 610/610/610 591/591/591
f 610/610/610 601/601/601 591/591/591
f 601/601/601 611/611/611 602/602/602
f 611/611/611 612/612/612 602/602/602
f 602/602/602 612/612/612 603/603/603
f 612/612/612 613/613/613 603/603/603
f 603/603/603 613/613/613 604/604/604
f 613/613/613 614/614/614 604/604/604
f 604/604/604 614/614/614 605/605/605
f 614/614/614 615/615/615 605/605/605
f 605/605/605 615/615/615 606/606/606
f 615/615/615 616/616/616 606/606/606
f 606/606/606 616/616/616 607/607/607
f 616/616/616 617/617/617 607/607/607
f 607/607/607 617/617/617 608/608/608
f 617/617/617 618/618/618 608/608/608
f 608/608/608 618/618/618 609/609/609
f 618/618/618 619/619/619 609/609/609
f 609/609/609 619/619/619 610/610/610
f 619/619/619 620/620/620 610/610/610
f 610/610/610 620/620/620 601/601/601
f 620/620/620 611/611/611 601/601/601
f 611/611/611 621/621/621 612/612/612
f 621/621/621 622/622/622 612/612/612
f 612/612/612 622/622/622 613/613/613
f 622/622/622 623/623/623 613/613/613
f 613/613/613 623/623/623 614/614/614
f 623/623/623 624/624/624 614/614/614
f 614/614/614 624/624/624 615/615/615
f 624/624/624 625/625/625 615/615/615
f 615/615/615 625/625/625 616/616/616
f 625/625/625 626/626/626 616/616/616
f 616/616/616 626/626/626 617/617/617
f 626/626/626 627/627/627 617/617/617
f 617/617/617 627/627/627 618/618/618
f 627/627/627 628/628/628 618/618/618
f 618/618/618 628/628/628 619/619/619
f 628/628/628 629/629/629 619/619/619
f 619/619/619 629/629/629 620/620/620
f 629/629/629 630/630/630 620/620/620
f 620/620/620 630/630/630 611/611/611
f 630/630/630 621/621/621 611/611/611
f 631/631/631 663/663/663 664/664/664
f 632/632/632 664/664/664 665/665/665
f 633/633/633 665/665/665 666/666/666
f 634/634/634 666/666/666 667/667/667
f 635/635/635 667/667/667 668/668/668
f 636/636/636 668/668/668 669/669/669
f 637/637/637 669/669/669 670/670/670
f 638/638/638 670/670/670 671/671/671
f 639/639/639 671/671/671 672/672/672
f 640/640/640 672/672/672 673/673/673
f 641/641/641 673/673/673 674/674/674
f 642/642/642 674/674/674 675/675/675
f 643/643/643 675/675/675 676/676/676
f 644/644/644 676/676/676 677/677/677
f 645/645/645 677/677/677 678/678/678
f 646/646/646 678/678/678 679/679/679
f 647/647/647 679/679/679 680/680/680
f 648/648/648 680/680/680 681/681/681
f 649/649/649 681/681/681 682/682/682
f 650/650/650 682/682/682 683/683/683
f 651/651/651 683/683/683 684/684/684
f 652/652/652 684/684/684 685/685/685
f 653/653/653 685/685/685 686/686/686
f 654/654/654 686/686/686 687/687/687
f 655/655/655 687/687/687 688/688/688
f 656/656/656 688/688/688 689/689/689
f 657/657/657 689/689/689 690/690/690
f 658/658/658 690/690/690 691/691/691
f 659/659/659 691/691/691 692/692/692
f 660/660/660 692/692/692 693/693/693
f 661/661/661 693/693/693 694/694/694
f 662/662/662 694/694/694 663/663/663
f 663/663/663 695/695/695 664/664/664
f 695/695/695 696/696/696 664/664/664
f 664/664/664 696/696/696 665/665/665
f 696/696/696 697/697/697 665/665/665
f 665/665/665 697/697/697 666/666/666
f 697/697/697 698/698/698 666/666/666
f 666/666/666 698/698/698 667/667/667
f 698/698/698 699/699/699 667/667/667
f 667/667/667 699/699/699 668/668/668
f 699/699/699 700/700/700 668/668/668
f 668/668/668 700/700/700 669/669/669
f 700/700/700 701/701/701 669/669/669
f 669/669/669 701/701/701 670/670/670
f 701/701/701 702/702/702 670/670/670
f 670/670/670 702/702/702 671/671/671
f 702/702/702 703/703/703 671/671/671
f 671/671/671 703/703/703 672/672/672
f 703/703/703 704/704/704 672/672/672
f 672/672/672 704/704/704 673/673/673
f 704/704/704 705/705/705 673/673/673
f 673/673/673 705/705/705 674/674/674
f 705/705/705 706/706/706 674/674/674
f 674/674/674 706/706/706 675/675/675
f 706/706/706 707/707/707 675/675/675
f 675/675/675 707/707/707 676/676/676
f 707/707/707 708/708/708 676/676/676
f 676/676/676 708/708/708 677/677/677
f 708/708/708 709/709/709 677/677/677
f 677/677/677 709/709/709 678/678/678
f 709/709/709 710/710/710 678/678/678
f 678/678/678 710/710/710 679/679/679
f 710/710/710 711/711/711 679/679/679
f 679/679/679 711/711/711 680/680/680
f 711/711/711 712/712/712 680/680/680
f 680/680/680 712/712/712 681/681/681
f 712/712/712 713/713/713 681/681/681
f 681/681/681 713/713/713 682/682/682
f 713/713/713 714/714/714 682/682/682
f 682/682/682 714/714/714 683/683/683
f 714/714/714 715/715/715 683/683/683
f 683/683/683 715/715/715 684/684/684
f 715/715/715 716/716/716 684/684/684
f 684/684/684 716/716/716 685/685/685
f 716/716/716 717/717/717 685/685/685
f 685/685/685 717/717/717 686/686/686
f 717/717/717 718/718/718 686/686/686
f 686/686/686 718/718/718 687/687/687
f 718/718/718 719/719/719 687/687/687
f 687/687/687 719/719/719 688/688/688
f 719/719/719 720/720/720 688/688/688
f 688/688/688 720/720/720 689/689/689
f 720/720/720 721/721/721 689/689/689
f 689/689/689 721/721/721 690/690/690
f 721/721/721 722/722/722 690/690/690
f 690/690/690 722/722/722 691/691/691
f 722/722/722 723/723/723 691/691/691
f 691/691/691 723/723/723 692/692/692
f 723/723/723 724/724/724 692/692/692
f 692/692/692 724/724/724 693/693/693
f 724/724/724 725/725/725 693/693/693
f 693/693/693 725/725/725 694/694/694
f 725/725/725 726/726/726 694/694/694
f 694/694/694 726/726/726 663/663/663
f 726/726/726 695/695/695 663/663/663
f 695/695/695 727/727/727 696/696/696
f 727/727/727 728/728/728 696/696/696
f 696/696/696 728/728/728 697/697/697
f 728/728/728 729/729/729 697/697/697
f 697/697/697 729/729/729 698/698/698
f 729/729/729 730/730/730 698/698/698
f 698/698/698 730/730/730 699/699/699
f 730/730/730 731/731/731 699/699/699
f 699/699/699 731/731/731 700/700/700
f 731/731/731 732/732/732 700/700/700
f 700/700/700 732/732/732 701/701/701
f 732/732/732 733/733/733 701/701/701
f 701/701/701 733/733/733 702/702/702
f 733/733/733 734/734/734 702/702/702
f 702/702/702 734/734/734 703/703/703
f 734/734/734 735/735/735 703/703/703
f 703/703/703 735/735/735 704/704/704
f 735/735/735 736/736/736 704/704/704
f 704/704/704 736/736/736 705/705/705
f 736/736/736 737/737/737 705/705/705
f 705/705/705 737/737/737 706/706/706
f 737/737/737 738/738/738 706/706/706
f 706/706/706 738/738/738 707/707/707
f 738/738/738 739/739/739 707/707/707
f 707/707/707 739/739/739 708/708/708
f 739/739/739 740/740/740 708/708/708
f 708/708/708 740/740/740 709/709/709
f 740/740/740 741/741/741 709/709/709
f 709/709/709 741/741/741 710/710/710
f 741/741/741 742/742/742 710/710/710
f 710/710/710 742/742/742 711/711/711
f 742/742/742 743/743/743 711/711/711
f 711/711/711 743/743/743 712/712/712
f 743/743/743 744/744/744 712/712/712
f 712/712/712 744/744/744 713/713/713
f 744/744/744 745/745/745 713/713/713
f 713/713/713 745/745/745 714/714/714
f 745/745/745 746/746/746 714/714/714
f 714/714/714 746/746/746 715/715/715
f 746/746/746 747/747/747 715/715/715
f 715/715/715 747/747/747 716/716/716
f 747/747/747 748/748/748 716/716/716
f 716/716/716 748/748/748 717/717/717
f 748/748/748 749/749/749 717/717/717
f 717/717/717 749/749/749 718/718/718
f 749/749/749 750/750/750 718/718/718
f 718/718/718 750/750/750 719/719/719
f 750/750/750 751/751/751 719/719/719
f 719/719/719 751/751/751 720/720/720
f 751/751/751 752/752/752 720/720/720
f 720/720/720 752/752/752 721/721/721
f 752/752/752 753/753/753 721/721/721
f 721/721/721 753/753/753 722/722/722
f 753/753/753 754/754/754 722/722/722
f 722/722/722 754/754/754 723/723/723
f 754/754/754 755/755/755 723/723/723
f 723/723/723 755/755/755 724/724/724
f 755/755/755 756/756/756 724/724/724
f 724/724/724 756/756/756 725/725/725
f 756/756/756 757/757/757 725/725/725
f 725/725/725 757/757/757 726/726/726
f 757/757/757 758/758/758 726/726/726
f 726/726/726 758/758/758 695/695/695
f 758/758/758 727/727/727 695/695/695
f 727/727/727 759/759/759 728/728/728
f 759/759/759 760/760/760 728/728/728
f 728/728/728 760/760/760 729/729/729
f 760/760/760 761/761/761 729/729/729
f 729/729/729 761/761/761 730/730/730
f 761/761/761 762/762/762 730/730/730
f 730/730/730 762/762/762 731/731/731
f 762/762/762 763/763/763 731/731/731
f 731/731/731 763/763/763 732/732/732
f 763/763/763 764/764/764 732/732/732
f 732/732/732 764/764/764 733/733/733
f 764/764/764 765/765/765 733/733/733
f 733/733/733 765/765/765 734/734/734
f 765/765/765 766/766/766 734/734/734
f 734/734/734 766/766/766 735/735/735
f 766/766/766 767/767/767 735/735/735
f 735/735/735 767/767/767 736/736/736
f 767/767/767 768/768/768 736/736/736
f 736/736/736 768/768/768 737/737/737
f 768/768/768 769/769/769 737/737/737
f 737/737/737 769/769/769 738/738/738
f 769/769/769 770/770/770 738/738/738
f 738/738/738 770/770/770 739/739/739
f 770/770/770 771/771/771 739/739/739
f 739/739/739 771/771/771 740/740/740
f 771/771/771 772/772/772 740/740/740
f 740/740/740 772/772/772 741/741/741
f 772/772/772 773/773/773 741/741/741
f 741/741/741 773/773/773 742/742/742
f 773/773/773 774/774/774 742/742/742
f 742/742/742 774/774/774 743/743/743
f 774/774/774 775/775/775 743/743/743
f 743/743/743 775/775/775 744/744/744
f 775/775/775 776/776/776 744/744/744
f 744/744/744 776/776/776 745/745/745
f 776/776/776 777/777/777 745/745/745
f 745/745/745 777/777/777 746/746/746
f 777/777/777 778/778/778 746/746/746
f 746/746/746 778/778/778 747/747/747
f 778/778/778 779/779/779 747/747/747
f 747/747/747 779/779/779 748/748/748
f 779/779/779 780/780/780 748/748/748
f 748/748/748 780/780/780 749/749/749
f 780/780/780 781/781/781 749/749/749
f 749/749/749 781/781/781 750/750/750
f 781/781/781 782/782/782 750/750/750
f 750/750/750 782/782/782 751/751/751
f 782/782/782 783/783/783 751/751/751
f 751/751/751 783/783/783 752/752/752
f 783/783/783 784/784/784 752/752/752
f 752/752/752 784/784/784 753/753/753
f 784/784/784 785/785/785 753/753/753
f 753/753/753 785/785/785 754/754/754
f 785/785/785 786/786/786 754/754/754
f 754/754/754 786/786/786 755/755/755
f 786/786/786 787/787/787 755/755/755
f 755/755/755 787/787/787 756/756/756
f 787/787/787 788/788/788 756/756/756
f 756/756/756 788/788/788 757/757/757
f 788/788/788 789/789/789 757/757/757
f 757/757/757 789/789/789 758/758/758
f 789/789/789 790/790/790 758/758/758
f 758/758/758 790/790/790 727/727/727
f 790/790/790 759/759/759 727/727/727
f 759/759/759 791/791/791 760/760/760
f 791/791/791 792/792/792 760/760/760
f 760/760/760 792/792/792 761/761/761
f 792/792/792 793/793/793 761/761/761
f 761/761/761 793/793/793 762/762/762
f 793/793/793 794/794/794 762/762/762
f 762/762/762 794/794/794 763/763/763
f 794/794/794 795/795/795 763/763/763
f 763/763/763 795/795/795 764/764/764
f 795/795/795 796/796/796 764/764/764
f 764/764/764 796/796/796 765/765/765
f 796/796/796 797/797/797 765/765/765
f 765/765/765 797/797/797 766/766/766
f 797/797/797 798/798/798 766/766/766
f 766/766/766 798/798/798 767/767/767
f 798/798/798 799/799/799 767/767/767
f 767/767/767 799/799/799 768/768/768
f 799/799/799 800/800/800 768/768/768
f 768/768/768 800/800/800 769/769/769
f 800/800/800 801/801/801 769/769/769
f 769/769/769 801/801/801 770/770/770
f 801/801/801 802/802/802 770/770/770
f 770/770/770 802/802/802 771/771/771
f 802/802/802 803/803/803 771/771/771
f 771/771/771 803/803/803 772/772/772
f 803/803/803 804/804/804 772/772/772
f 772/772/772 804/804/804 773/773/773
f 804/804/804 805/805/805 773/773/773
f 773/773/773 805/805/805 774/774/774
f 805/805/805 806/806/806 774/774/774
f 774/774/774 806/806/806 775/775/775
f 806/806/806 807/807/807 775/775/775
f 775/775/775 807/807/807 776/776/776
f 807/807/807 808/808/808 776/776/776
f 776/776/776 808/808/808 777/777/777
f 808/808/808 809/809/809 777/777/777
f 777/777/777 809/809/809 778/778/778
f 809/809/809 810/810/810 778/778/778
f 778/778/778 810/810/810 779/779/779
f 810/810/810 811/811/811 779/779/779
f 779/779/779 811/811/811 780/780/780
f 811/811/811 812/812/812 780/780/780
f 780/780/780 812/812/812 781/781/781
f 812/812/812 813/813/813 781/781/781
f 781/781/781 813/813/813 782/782/782
f 813/813/813 814/814/814 782/782/782
f 782/782/782 814/814/814 783/783/783
f 814/814/814 815/815/815 783/783/783
f 783/783/783 815/815/815 784/784/784
f 815/815/815 816/816/816 784/784/784
f 784/784/784 816/816/816 785/785/785
f 816/816/816 817/817/817 785/785/785
f 785/785/785 817/817/817 786/786/786
f 817/817/817 818/818/818 786/786/786
f 786/786/786 818/818/818 787/787/787
f 818/818/818 819/819/819 787/787/787
f 787/787/787 819/819/819 788/788/788
f 819/819/819 820/820/820 788/788/788
f 788/788/788 820/820/820 789/789/789
f 820/820/820 821/821/821 789/789/789
f 789/789/789 821/821/821 790/790/790
f 821/821/821 822/822/822 790/790/790
f 790/790/790 822/822/822 759/759/759
f 822/822/822 791/791/791 759/759/759
f 791/791/791 823/823/823 792/792/792
f 792/792/792 824/824/824 793/793/793
f 793/793/793 825/825/825 794/794/794
f 794/794/794 826/826/826 795/795/795
f 795/795/795 827/827/827 796/796/796
f 796/796/796 828/828/828 797/797/797
f 797/797/797 829/829/829 798/798/798
f 798/798/798 830/830/830 799/799/799
f 799/799/799 831/831/831 800/800/800
f 800/800/800 832/832/832 801/801/801
f 801/801/801 833/833/833 802/802/802
f 802/802/802 834/834/834 803/803/803
f 803/803/803 835/835/835 804/804/804
f 804/804/804 836/836/836 805/805/805
f 805/805/805 837/837/837 806/806/806
f 806/806/806 838/838/838 807/807/807
f 807/807/807 839/839/839 808/808/808
f 808/808/808 840/840/840 809/809/809
f 809/809/809 841/841/841 810/810/810
f 810/810/810 842/842/842 811/811/811
f 811/811/811 843/843/843 812/812/812
f 812/812/812 844/844/844 813/813/813
f 813/813/813 845/845/845 814/814/814
f 814/814/814 846/846/846 815/815/815
f 815/815/815 847/847/847 816/816/816
f 816/816/816 848/848/848 817/817/817
f 817/817/817 849/849/849 818/818/818
f 818/818/818 850/850/850 819/819/819
f 819/819/819 851/851/851 820/820/820
f 820/820/820 852/852/852 821/821/821
f 821/821/821 853/853/853 822/822/822
f 822/822/822 854/854/854 791/791/791